"kind","route","probe_route","methods","public_state","required_permission","required_role","allowed_roles","expected_blocked_roles","expected_unauthenticated","expected_blocked","expected_cache","indexing","source_file","unauthenticated_status","super_admin_status","director_status","principal_status","admin_status","accountant_status","teacher_status","parent_status","viewer_status"
"api","/api/ai-assistant/ask","/api/ai-assistant/ask","POST","PRIVATE","VIEW_AI_ASSISTANT","","SUPER_ADMIN|DIRECTOR|PRINCIPAL|ADMIN","ACCOUNTANT|TEACHER|PARENT|VIEWER","401","403_OR_404","private, no-store","NOINDEX","api/ai-assistant/ask/route.ts","401","405","405","405","405","405","405","405","405"
"api","/api/ai-assistant/audit","/api/ai-assistant/audit","GET","PRIVATE","VIEW_AI_ASSISTANT_AUDIT","","SUPER_ADMIN|DIRECTOR|PRINCIPAL","ADMIN|ACCOUNTANT|TEACHER|PARENT|VIEWER","401","403_OR_404","private, no-store","NOINDEX","api/ai-assistant/audit/route.ts","401","200","200","200","403","403","403","403","403"
"api","/api/ai-assistant/documents/search","/api/ai-assistant/documents/search","POST","PRIVATE","USE_AI_ASSISTANT_DOCUMENTATION","","SUPER_ADMIN|DIRECTOR|PRINCIPAL|ADMIN","ACCOUNTANT|TEACHER|PARENT|VIEWER","401","403_OR_404","private, no-store","NOINDEX","api/ai-assistant/documents/search/route.ts","401","405","405","405","405","405","405","405","405"
"api","/api/ai-assistant/evaluations","/api/ai-assistant/evaluations","GET|POST","PRIVATE","RUN_AI_ASSISTANT_EVALUATIONS","","SUPER_ADMIN|DIRECTOR","PRINCIPAL|ADMIN|ACCOUNTANT|TEACHER|PARENT|VIEWER","401","403_OR_404","private, no-store","NOINDEX","api/ai-assistant/evaluations/route.ts","401","200","200","403","403","403","403","403","403"
"api","/api/ai-assistant/profiles","/api/ai-assistant/profiles","GET|PATCH","PRIVATE","MANAGE_AI_ASSISTANT","","SUPER_ADMIN|DIRECTOR","PRINCIPAL|ADMIN|ACCOUNTANT|TEACHER|PARENT|VIEWER","401","403_OR_404","private, no-store","NOINDEX","api/ai-assistant/profiles/route.ts","401","200","200","403","403","403","403","403","403"
"api","/api/ai-assistant/profiles/[id]/health","/api/ai-assistant/profiles/qasec1qa-object-missing/health","POST","PRIVATE","MANAGE_AI_ASSISTANT","","SUPER_ADMIN|DIRECTOR","PRINCIPAL|ADMIN|ACCOUNTANT|TEACHER|PARENT|VIEWER","401","403_OR_404","private, no-store","NOINDEX","api/ai-assistant/profiles/[id]/health/route.ts","401","405","405","405","405","405","405","405","405"
"api","/api/ai-assistant/profiles/[id]/workflow","/api/ai-assistant/profiles/qasec1qa-object-missing/workflow","POST","PRIVATE","MANAGE_AI_ASSISTANT","","SUPER_ADMIN|DIRECTOR","PRINCIPAL|ADMIN|ACCOUNTANT|TEACHER|PARENT|VIEWER","401","403_OR_404","private, no-store","NOINDEX","api/ai-assistant/profiles/[id]/workflow/route.ts","401","405","405","405","405","405","405","405","405"
"api","/api/ai-assistant/sources","/api/ai-assistant/sources","GET","PRIVATE","MANAGE_AI_ASSISTANT_SOURCES","","SUPER_ADMIN|DIRECTOR","PRINCIPAL|ADMIN|ACCOUNTANT|TEACHER|PARENT|VIEWER","401","403_OR_404","private, no-store","NOINDEX","api/ai-assistant/sources/route.ts","401","200","200","403","403","403","403","403","403"
"api","/api/ai-assistant/sources/[id]","/api/ai-assistant/sources/qasec1qa-object-missing","PATCH","PRIVATE","MANAGE_AI_ASSISTANT_SOURCES","","SUPER_ADMIN|DIRECTOR","PRINCIPAL|ADMIN|ACCOUNTANT|TEACHER|PARENT|VIEWER","401","403_OR_404","private, no-store","NOINDEX","api/ai-assistant/sources/[id]/route.ts","401","405","405","405","405","405","405","405","405"
"api","/api/ai-assistant/tools","/api/ai-assistant/tools","GET","PRIVATE","USE_AI_ASSISTANT_AGGREGATES","","SUPER_ADMIN|DIRECTOR|PRINCIPAL","ADMIN|ACCOUNTANT|TEACHER|PARENT|VIEWER","401","403_OR_404","private, no-store","NOINDEX","api/ai-assistant/tools/route.ts","401","200","200","200","403","403","403","403","403"
"api","/api/attendance/staff","/api/attendance/staff","GET|POST","PRIVATE","VIEW_STAFF_ATTENDANCE","","SUPER_ADMIN|DIRECTOR|PRINCIPAL|ADMIN","ACCOUNTANT|TEACHER|PARENT|VIEWER","401","403_OR_404","private, no-store","NOINDEX","api/attendance/staff/route.ts","401","400","400","400","400","403","403","403","403"
"api","/api/attendance/staff/reports/export","/api/attendance/staff/reports/export","GET","PRIVATE","VIEW_STAFF_ATTENDANCE_REPORTS","","SUPER_ADMIN|DIRECTOR|PRINCIPAL|ADMIN|VIEWER","ACCOUNTANT|TEACHER|PARENT","401","403_OR_404","private, no-store","NOINDEX","api/attendance/staff/reports/export/route.ts","401","200","200","200","200","403","403","403","200"
"api","/api/attendance/students","/api/attendance/students","GET|POST","PRIVATE","VIEW_STUDENT_ATTENDANCE","","SUPER_ADMIN|DIRECTOR|PRINCIPAL|ADMIN|TEACHER","ACCOUNTANT|PARENT|VIEWER","401","403_OR_404","private, no-store","NOINDEX","api/attendance/students/route.ts","401","400","400","400","400","403","400","403","403"
"api","/api/attendance/students/reports/export","/api/attendance/students/reports/export","GET","PRIVATE","VIEW_STUDENT_ATTENDANCE_REPORTS","","SUPER_ADMIN|DIRECTOR|PRINCIPAL|ADMIN|VIEWER","ACCOUNTANT|TEACHER|PARENT","401","403_OR_404","private, no-store","NOINDEX","api/attendance/students/reports/export/route.ts","401","200","200","200","200","403","403","403","200"
"api","/api/auth/change-password","/api/auth/change-password","POST","PRIVATE","AUTHENTICATED_OR_SCOPED","","SUPER_ADMIN|DIRECTOR|PRINCIPAL|ADMIN|ACCOUNTANT|TEACHER|PARENT|VIEWER","","401","NOT_APPLICABLE","private, no-store","NOINDEX","api/auth/change-password/route.ts","401","405","405","405","405","405","405","405","405"
"api","/api/auth/login","/api/auth/login","POST","PUBLIC","PUBLIC","","SUPER_ADMIN|DIRECTOR|PRINCIPAL|ADMIN|ACCOUNTANT|TEACHER|PARENT|VIEWER","","PUBLIC_HANDLER_STATUS","NOT_APPLICABLE","private, no-store","NOINDEX","api/auth/login/route.ts","405","405","405","405","405","405","405","405","405"
"api","/api/auth/logout","/api/auth/logout","POST","PRIVATE","AUTHENTICATED_OR_SCOPED","","SUPER_ADMIN|DIRECTOR|PRINCIPAL|ADMIN|ACCOUNTANT|TEACHER|PARENT|VIEWER","","401","NOT_APPLICABLE","private, no-store","NOINDEX","api/auth/logout/route.ts","401","405","405","405","405","405","405","405","405"
"api","/api/backup","/api/backup","GET","PRIVATE","RUN_BACKUP","","SUPER_ADMIN|DIRECTOR|ADMIN","PRINCIPAL|ACCOUNTANT|TEACHER|PARENT|VIEWER","401","403_OR_404","private, no-store","NOINDEX","api/backup/route.ts","401","200","200","403","200","403","403","403","403"
"api","/api/books/catalog","/api/books/catalog","GET|POST|PATCH|DELETE","PRIVATE","VIEW_BOOKS_FINANCE","","SUPER_ADMIN|DIRECTOR|PRINCIPAL|ADMIN|ACCOUNTANT|VIEWER","TEACHER|PARENT","401","403_OR_404","private, no-store","NOINDEX","api/books/catalog/route.ts","401","200","200","200","200","200","403","403","200"
"api","/api/books/publisher-bills","/api/books/publisher-bills","GET|POST","PRIVATE","VIEW_BOOKS_FINANCE","","SUPER_ADMIN|DIRECTOR|PRINCIPAL|ADMIN|ACCOUNTANT|VIEWER","TEACHER|PARENT","401","403_OR_404","private, no-store","NOINDEX","api/books/publisher-bills/route.ts","401","200","200","200","200","200","403","403","200"
"api","/api/books/publisher-bills/library-service","/api/books/publisher-bills/library-service","POST","PRIVATE","MANAGE_PUBLISHER_BILLS","","SUPER_ADMIN|DIRECTOR|ADMIN|ACCOUNTANT","PRINCIPAL|TEACHER|PARENT|VIEWER","401","403_OR_404","private, no-store","NOINDEX","api/books/publisher-bills/library-service/route.ts","401","405","405","405","405","405","405","405","405"
"api","/api/books/rates","/api/books/rates","POST|PATCH","PRIVATE","MANAGE_BOOK_RATES","","SUPER_ADMIN|DIRECTOR|ADMIN","PRINCIPAL|ACCOUNTANT|TEACHER|PARENT|VIEWER","401","403_OR_404","private, no-store","NOINDEX","api/books/rates/route.ts","401","405","405","405","405","405","405","405","405"
"api","/api/books/reports","/api/books/reports","GET","PRIVATE","VIEW_BOOK_REPORTS","","SUPER_ADMIN|DIRECTOR|PRINCIPAL|ADMIN|ACCOUNTANT|VIEWER","TEACHER|PARENT","401","403_OR_404","private, no-store","NOINDEX","api/books/reports/route.ts","401","200","200","200","200","200","403","403","200"
"api","/api/books/reports/export","/api/books/reports/export","GET","PRIVATE","EXPORT_BOOK_REPORTS","","SUPER_ADMIN|DIRECTOR|ADMIN|ACCOUNTANT","PRINCIPAL|TEACHER|PARENT|VIEWER","401","403_OR_404","private, no-store","NOINDEX","api/books/reports/export/route.ts","401","200","200","403","200","200","403","403","403"
"api","/api/books/sales","/api/books/sales","GET|POST","PRIVATE","VIEW_BOOKS_FINANCE","","SUPER_ADMIN|DIRECTOR|PRINCIPAL|ADMIN|ACCOUNTANT|VIEWER","TEACHER|PARENT","401","403_OR_404","private, no-store","NOINDEX","api/books/sales/route.ts","401","200","200","200","200","200","403","403","200"
"api","/api/books/sales/[id]","/api/books/sales/qasec1qa-object-missing","GET","PRIVATE","VIEW_BOOKS_FINANCE","","SUPER_ADMIN|DIRECTOR|PRINCIPAL|ADMIN|ACCOUNTANT|VIEWER","TEACHER|PARENT","401","403_OR_404","private, no-store","NOINDEX","api/books/sales/[id]/route.ts","401","404","404","404","404","404","403","403","404"
"api","/api/books/sales/[id]/cancel","/api/books/sales/qasec1qa-object-missing/cancel","POST","PRIVATE","CANCEL_BOOK_SALES","","SUPER_ADMIN|DIRECTOR|ADMIN","PRINCIPAL|ACCOUNTANT|TEACHER|PARENT|VIEWER","401","403_OR_404","private, no-store","NOINDEX","api/books/sales/[id]/cancel/route.ts","401","405","405","405","405","405","405","405","405"
"api","/api/books/settlements","/api/books/settlements","GET|POST","PRIVATE","VIEW_BOOKS_FINANCE","","SUPER_ADMIN|DIRECTOR|PRINCIPAL|ADMIN|ACCOUNTANT|VIEWER","TEACHER|PARENT","401","403_OR_404","private, no-store","NOINDEX","api/books/settlements/route.ts","401","200","200","200","200","200","403","403","200"
"api","/api/books/settlements/[date]","/api/books/settlements/2026-07-19","GET","PRIVATE","VIEW_BOOKS_FINANCE","","SUPER_ADMIN|DIRECTOR|PRINCIPAL|ADMIN|ACCOUNTANT|VIEWER","TEACHER|PARENT","401","403_OR_404","private, no-store","NOINDEX","api/books/settlements/[date]/route.ts","401","404","404","404","404","404","403","403","404"
"api","/api/books/settlements/[date]/workflow","/api/books/settlements/2026-07-19/workflow","POST","PRIVATE","AUTHENTICATED_OR_SCOPED","","SUPER_ADMIN|DIRECTOR|PRINCIPAL|ADMIN|ACCOUNTANT|TEACHER|PARENT|VIEWER","","401","NOT_APPLICABLE","private, no-store","NOINDEX","api/books/settlements/[date]/workflow/route.ts","401","405","405","405","405","405","405","405","405"
"api","/api/budgets","/api/budgets","GET|POST","PRIVATE","VIEW_BUDGETS","","SUPER_ADMIN|DIRECTOR|PRINCIPAL|ADMIN|ACCOUNTANT|VIEWER","TEACHER|PARENT","401","403_OR_404","private, no-store","NOINDEX","api/budgets/route.ts","401","200","200","200","200","200","403","403","200"
"api","/api/budgets/[id]","/api/budgets/qasec1qa-object-missing","GET|PUT","PRIVATE","VIEW_BUDGETS","","SUPER_ADMIN|DIRECTOR|PRINCIPAL|ADMIN|ACCOUNTANT|VIEWER","TEACHER|PARENT","401","403_OR_404","private, no-store","NOINDEX","api/budgets/[id]/route.ts","401","404","404","404","404","404","403","403","404"
"api","/api/budgets/[id]/revisions","/api/budgets/qasec1qa-object-missing/revisions","POST","PRIVATE","REVISE_BUDGETS","","SUPER_ADMIN|DIRECTOR","PRINCIPAL|ADMIN|ACCOUNTANT|TEACHER|PARENT|VIEWER","401","403_OR_404","private, no-store","NOINDEX","api/budgets/[id]/revisions/route.ts","401","405","405","405","405","405","405","405","405"
"api","/api/budgets/[id]/revisions/[revisionId]/workflow","/api/budgets/qasec1qa-object-missing/revisions/qasec1qa-revisionid-missing/workflow","POST","PRIVATE","AUTHENTICATED_OR_SCOPED","","SUPER_ADMIN|DIRECTOR|PRINCIPAL|ADMIN|ACCOUNTANT|TEACHER|PARENT|VIEWER","","401","NOT_APPLICABLE","private, no-store","NOINDEX","api/budgets/[id]/revisions/[revisionId]/workflow/route.ts","401","405","405","405","405","405","405","405","405"
"api","/api/budgets/[id]/workflow","/api/budgets/qasec1qa-object-missing/workflow","POST","PRIVATE","AUTHENTICATED_OR_SCOPED","","SUPER_ADMIN|DIRECTOR|PRINCIPAL|ADMIN|ACCOUNTANT|TEACHER|PARENT|VIEWER","","401","NOT_APPLICABLE","private, no-store","NOINDEX","api/budgets/[id]/workflow/route.ts","401","405","405","405","405","405","405","405","405"
"api","/api/budgets/reports","/api/budgets/reports","GET","PRIVATE","VIEW_BUDGET_REPORTS","","SUPER_ADMIN|DIRECTOR|PRINCIPAL|ADMIN|ACCOUNTANT|VIEWER","TEACHER|PARENT","401","403_OR_404","private, no-store","NOINDEX","api/budgets/reports/route.ts","401","200","200","200","200","200","403","403","200"
"api","/api/budgets/reports/export","/api/budgets/reports/export","GET","PRIVATE","EXPORT_BUDGET_REPORTS","","SUPER_ADMIN|DIRECTOR|ADMIN|ACCOUNTANT","PRINCIPAL|TEACHER|PARENT|VIEWER","401","403_OR_404","private, no-store","NOINDEX","api/budgets/reports/export/route.ts","401","404","404","403","404","404","403","403","403"
"api","/api/cash-book","/api/cash-book","GET|POST","PRIVATE","VIEW_CASH_BOOK","","SUPER_ADMIN|DIRECTOR|PRINCIPAL|ADMIN|ACCOUNTANT|VIEWER","TEACHER|PARENT","401","403_OR_404","private, no-store","NOINDEX","api/cash-book/route.ts","401","200","200","200","200","200","403","403","200"
"api","/api/cash-book/[date]","/api/cash-book/2026-07-19","GET|PATCH","PRIVATE","VIEW_CASH_BOOK","","SUPER_ADMIN|DIRECTOR|PRINCIPAL|ADMIN|ACCOUNTANT|VIEWER","TEACHER|PARENT","401","403_OR_404","private, no-store","NOINDEX","api/cash-book/[date]/route.ts","401","404","404","404","404","404","403","403","404"
"api","/api/cash-book/[date]/movements","/api/cash-book/2026-07-19/movements","POST","PRIVATE","MANAGE_CASH_BOOK","","SUPER_ADMIN|DIRECTOR|ADMIN|ACCOUNTANT","PRINCIPAL|TEACHER|PARENT|VIEWER","401","403_OR_404","private, no-store","NOINDEX","api/cash-book/[date]/movements/route.ts","401","405","405","405","405","405","405","405","405"
"api","/api/cash-book/[date]/movements/[movementId]/cancel","/api/cash-book/2026-07-19/movements/qasec1qa-movementid-missing/cancel","POST","PRIVATE","MANAGE_CASH_BOOK","","SUPER_ADMIN|DIRECTOR|ADMIN|ACCOUNTANT","PRINCIPAL|TEACHER|PARENT|VIEWER","401","403_OR_404","private, no-store","NOINDEX","api/cash-book/[date]/movements/[movementId]/cancel/route.ts","401","405","405","405","405","405","405","405","405"
"api","/api/cash-book/[date]/workflow","/api/cash-book/2026-07-19/workflow","POST","PRIVATE","AUTHENTICATED_OR_SCOPED","","SUPER_ADMIN|DIRECTOR|PRINCIPAL|ADMIN|ACCOUNTANT|TEACHER|PARENT|VIEWER","","401","NOT_APPLICABLE","private, no-store","NOINDEX","api/cash-book/[date]/workflow/route.ts","401","405","405","405","405","405","405","405","405"
"api","/api/cash-book/reports","/api/cash-book/reports","GET","PRIVATE","VIEW_CASH_BOOK_REPORTS","","SUPER_ADMIN|DIRECTOR|PRINCIPAL|ADMIN|ACCOUNTANT|VIEWER","TEACHER|PARENT","401","403_OR_404","private, no-store","NOINDEX","api/cash-book/reports/route.ts","401","200","200","200","200","200","403","403","200"
"api","/api/cash-book/reports/export","/api/cash-book/reports/export","GET","PRIVATE","EXPORT_CASH_BOOK_REPORTS","","SUPER_ADMIN|DIRECTOR|ADMIN|ACCOUNTANT","PRINCIPAL|TEACHER|PARENT|VIEWER","401","403_OR_404","private, no-store","NOINDEX","api/cash-book/reports/export/route.ts","401","200","200","403","200","200","403","403","403"
"api","/api/certificates","/api/certificates","GET|POST","PRIVATE","VIEW_CERTIFICATES","","SUPER_ADMIN|DIRECTOR|PRINCIPAL|ADMIN","ACCOUNTANT|TEACHER|PARENT|VIEWER","401","403_OR_404","private, no-store","NOINDEX","api/certificates/route.ts","401","200","200","200","200","403","403","403","403"
"api","/api/certificates/[id]","/api/certificates/qasec1qa-object-missing","GET|PATCH","PRIVATE","VIEW_CERTIFICATES","","SUPER_ADMIN|DIRECTOR|PRINCIPAL|ADMIN","ACCOUNTANT|TEACHER|PARENT|VIEWER","401","403_OR_404","private, no-store","NOINDEX","api/certificates/[id]/route.ts","401","404","404","404","404","403","403","403","403"
"api","/api/certificates/[id]/versions/[version]","/api/certificates/qasec1qa-object-missing/versions/1","GET","PRIVATE","VIEW_CERTIFICATES","","SUPER_ADMIN|DIRECTOR|PRINCIPAL|ADMIN","ACCOUNTANT|TEACHER|PARENT|VIEWER","401","403_OR_404","private, no-store","NOINDEX","api/certificates/[id]/versions/[version]/route.ts","401","404","404","404","404","403","403","403","403"
"api","/api/certificates/[id]/workflow","/api/certificates/qasec1qa-object-missing/workflow","POST","PRIVATE","AUTHENTICATED_OR_SCOPED","","SUPER_ADMIN|DIRECTOR|PRINCIPAL|ADMIN|ACCOUNTANT|TEACHER|PARENT|VIEWER","","401","NOT_APPLICABLE","private, no-store","NOINDEX","api/certificates/[id]/workflow/route.ts","401","405","405","405","405","405","405","405","405"
"api","/api/certificates/number-series","/api/certificates/number-series","GET|POST","PRIVATE","VIEW_CERTIFICATES","","SUPER_ADMIN|DIRECTOR|PRINCIPAL|ADMIN","ACCOUNTANT|TEACHER|PARENT|VIEWER","401","403_OR_404","private, no-store","NOINDEX","api/certificates/number-series/route.ts","401","200","200","200","200","403","403","403","403"
"api","/api/certificates/reports","/api/certificates/reports","GET","PRIVATE","VIEW_CERTIFICATE_REPORTS","","SUPER_ADMIN|DIRECTOR|PRINCIPAL|ADMIN|VIEWER","ACCOUNTANT|TEACHER|PARENT","401","403_OR_404","private, no-store","NOINDEX","api/certificates/reports/route.ts","401","200","200","200","200","403","403","403","200"
"api","/api/certificates/reports/export","/api/certificates/reports/export","GET","PRIVATE","EXPORT_CERTIFICATE_REPORTS","","SUPER_ADMIN|DIRECTOR|PRINCIPAL|ADMIN","ACCOUNTANT|TEACHER|PARENT|VIEWER","401","403_OR_404","private, no-store","NOINDEX","api/certificates/reports/export/route.ts","401","200","200","200","200","403","403","403","403"
"api","/api/certificates/requests","/api/certificates/requests","GET|POST","PRIVATE","VIEW_CERTIFICATES","","SUPER_ADMIN|DIRECTOR|PRINCIPAL|ADMIN","ACCOUNTANT|TEACHER|PARENT|VIEWER","401","403_OR_404","private, no-store","NOINDEX","api/certificates/requests/route.ts","401","200","200","200","200","403","403","403","403"
"api","/api/certificates/requests/[id]","/api/certificates/requests/qasec1qa-object-missing","GET","PRIVATE","VIEW_CERTIFICATES","","SUPER_ADMIN|DIRECTOR|PRINCIPAL|ADMIN","ACCOUNTANT|TEACHER|PARENT|VIEWER","401","403_OR_404","private, no-store","NOINDEX","api/certificates/requests/[id]/route.ts","401","404","404","404","404","403","403","403","403"
"api","/api/certificates/requests/[id]/workflow","/api/certificates/requests/qasec1qa-object-missing/workflow","POST","PRIVATE","AUTHENTICATED_OR_SCOPED","","SUPER_ADMIN|DIRECTOR|PRINCIPAL|ADMIN|ACCOUNTANT|TEACHER|PARENT|VIEWER","","401","NOT_APPLICABLE","private, no-store","NOINDEX","api/certificates/requests/[id]/workflow/route.ts","401","405","405","405","405","405","405","405","405"
"api","/api/certificates/source-preview","/api/certificates/source-preview","POST","PRIVATE","CREATE_CERTIFICATES","","SUPER_ADMIN|DIRECTOR|PRINCIPAL|ADMIN","ACCOUNTANT|TEACHER|PARENT|VIEWER","401","403_OR_404","private, no-store","NOINDEX","api/certificates/source-preview/route.ts","401","405","405","405","405","405","405","405","405"
"api","/api/certificates/templates","/api/certificates/templates","GET|POST","PRIVATE","VIEW_CERTIFICATES","","SUPER_ADMIN|DIRECTOR|PRINCIPAL|ADMIN","ACCOUNTANT|TEACHER|PARENT|VIEWER","401","403_OR_404","private, no-store","NOINDEX","api/certificates/templates/route.ts","401","200","200","200","200","403","403","403","403"
"api","/api/certificates/templates/[id]","/api/certificates/templates/qasec1qa-object-missing","PATCH","PRIVATE","MANAGE_CERTIFICATE_TEMPLATES","","SUPER_ADMIN|DIRECTOR","PRINCIPAL|ADMIN|ACCOUNTANT|TEACHER|PARENT|VIEWER","401","403_OR_404","private, no-store","NOINDEX","api/certificates/templates/[id]/route.ts","401","405","405","405","405","405","405","405","405"
"api","/api/class-x-documents","/api/class-x-documents","GET|POST","PRIVATE","VIEW_CLASS_X_PACKAGES","","SUPER_ADMIN|DIRECTOR|PRINCIPAL|ADMIN|ACCOUNTANT","TEACHER|PARENT|VIEWER","401","403_OR_404","private, no-store","NOINDEX","api/class-x-documents/route.ts","401","200","200","200","200","200","403","403","403"
"api","/api/class-x-documents/[id]","/api/class-x-documents/qasec1qa-object-missing","GET","PRIVATE","VIEW_CLASS_X_PACKAGES","","SUPER_ADMIN|DIRECTOR|PRINCIPAL|ADMIN|ACCOUNTANT","TEACHER|PARENT|VIEWER","401","403_OR_404","private, no-store","NOINDEX","api/class-x-documents/[id]/route.ts","401","404","404","404","404","404","403","403","403"
"api","/api/class-x-documents/[id]/documents","/api/class-x-documents/qasec1qa-object-missing/documents","GET","PRIVATE","VIEW_CLASS_X_PACKAGES","","SUPER_ADMIN|DIRECTOR|PRINCIPAL|ADMIN|ACCOUNTANT","TEACHER|PARENT|VIEWER","401","403_OR_404","private, no-store","NOINDEX","api/class-x-documents/[id]/documents/route.ts","401","200","200","200","200","200","403","403","403"
"api","/api/class-x-documents/[id]/documents/[itemId]/link-certificate","/api/class-x-documents/qasec1qa-object-missing/documents/qasec1qa-itemid-missing/link-certificate","POST","PRIVATE","MANAGE_CLASS_X_DOCUMENT_CUSTODY","","SUPER_ADMIN|DIRECTOR|PRINCIPAL|ADMIN","ACCOUNTANT|TEACHER|PARENT|VIEWER","401","403_OR_404","private, no-store","NOINDEX","api/class-x-documents/[id]/documents/[itemId]/link-certificate/route.ts","401","405","405","405","405","405","405","405","405"
"api","/api/class-x-documents/[id]/documents/[itemId]/workflow","/api/class-x-documents/qasec1qa-object-missing/documents/qasec1qa-itemid-missing/workflow","POST","PRIVATE","MANAGE_CLASS_X_DOCUMENT_CUSTODY","","SUPER_ADMIN|DIRECTOR|PRINCIPAL|ADMIN","ACCOUNTANT|TEACHER|PARENT|VIEWER","401","403_OR_404","private, no-store","NOINDEX","api/class-x-documents/[id]/documents/[itemId]/workflow/route.ts","401","405","405","405","405","405","405","405","405"
"api","/api/class-x-documents/[id]/handover","/api/class-x-documents/qasec1qa-object-missing/handover","POST","PRIVATE","HANDOVER_CLASS_X_DOCUMENTS","","SUPER_ADMIN|DIRECTOR|PRINCIPAL","ADMIN|ACCOUNTANT|TEACHER|PARENT|VIEWER","401","403_OR_404","private, no-store","NOINDEX","api/class-x-documents/[id]/handover/route.ts","401","405","405","405","405","405","405","405","405"
"api","/api/class-x-documents/[id]/payment","/api/class-x-documents/qasec1qa-object-missing/payment","GET","PRIVATE","VIEW_CLASS_X_PACKAGES","","SUPER_ADMIN|DIRECTOR|PRINCIPAL|ADMIN|ACCOUNTANT","TEACHER|PARENT|VIEWER","401","403_OR_404","private, no-store","NOINDEX","api/class-x-documents/[id]/payment/route.ts","401","404","404","404","404","404","403","403","403"
"api","/api/class-x-documents/[id]/payment/approve","/api/class-x-documents/qasec1qa-object-missing/payment/approve","POST","PRIVATE","APPROVE_CLASS_X_PACKAGE_CHARGES","","SUPER_ADMIN|DIRECTOR","PRINCIPAL|ADMIN|ACCOUNTANT|TEACHER|PARENT|VIEWER","401","403_OR_404","private, no-store","NOINDEX","api/class-x-documents/[id]/payment/approve/route.ts","401","405","405","405","405","405","405","405","405"
"api","/api/class-x-documents/[id]/payment/collect","/api/class-x-documents/qasec1qa-object-missing/payment/collect","POST","PRIVATE","COLLECT_CLASS_X_PACKAGE_PAYMENTS","","SUPER_ADMIN|DIRECTOR|ACCOUNTANT","PRINCIPAL|ADMIN|TEACHER|PARENT|VIEWER","401","403_OR_404","private, no-store","NOINDEX","api/class-x-documents/[id]/payment/collect/route.ts","401","405","405","405","405","405","405","405","405"
"api","/api/class-x-documents/[id]/payment/waive","/api/class-x-documents/qasec1qa-object-missing/payment/waive","POST","PRIVATE","WAIVE_CLASS_X_PACKAGE_CHARGES","","SUPER_ADMIN|DIRECTOR","PRINCIPAL|ADMIN|ACCOUNTANT|TEACHER|PARENT|VIEWER","401","403_OR_404","private, no-store","NOINDEX","api/class-x-documents/[id]/payment/waive/route.ts","401","405","405","405","405","405","405","405","405"
"api","/api/class-x-documents/[id]/workflow","/api/class-x-documents/qasec1qa-object-missing/workflow","POST","PRIVATE","VIEW_CLASS_X_PACKAGES","","SUPER_ADMIN|DIRECTOR|PRINCIPAL|ADMIN|ACCOUNTANT","TEACHER|PARENT|VIEWER","401","403_OR_404","private, no-store","NOINDEX","api/class-x-documents/[id]/workflow/route.ts","401","405","405","405","405","405","405","405","405"
"api","/api/class-x-documents/charge-preview","/api/class-x-documents/charge-preview","POST","PRIVATE","MANAGE_CLASS_X_PACKAGES","","SUPER_ADMIN|DIRECTOR|PRINCIPAL|ADMIN","ACCOUNTANT|TEACHER|PARENT|VIEWER","401","403_OR_404","private, no-store","NOINDEX","api/class-x-documents/charge-preview/route.ts","401","405","405","405","405","405","405","405","405"
"api","/api/class-x-documents/charge-rules","/api/class-x-documents/charge-rules","GET|POST","PRIVATE","VIEW_CLASS_X_PACKAGES","","SUPER_ADMIN|DIRECTOR|PRINCIPAL|ADMIN|ACCOUNTANT","TEACHER|PARENT|VIEWER","401","403_OR_404","private, no-store","NOINDEX","api/class-x-documents/charge-rules/route.ts","401","200","200","200","200","200","403","403","403"
"api","/api/class-x-documents/charge-rules/[id]","/api/class-x-documents/charge-rules/qasec1qa-object-missing","PATCH","PRIVATE","CONFIGURE_CLASS_X_PACKAGE_CHARGES","","SUPER_ADMIN|DIRECTOR","PRINCIPAL|ADMIN|ACCOUNTANT|TEACHER|PARENT|VIEWER","401","403_OR_404","private, no-store","NOINDEX","api/class-x-documents/charge-rules/[id]/route.ts","401","405","405","405","405","405","405","405","405"
"api","/api/class-x-documents/eligibility","/api/class-x-documents/eligibility","POST","PRIVATE","MANAGE_CLASS_X_PACKAGES","","SUPER_ADMIN|DIRECTOR|PRINCIPAL|ADMIN","ACCOUNTANT|TEACHER|PARENT|VIEWER","401","403_OR_404","private, no-store","NOINDEX","api/class-x-documents/eligibility/route.ts","401","405","405","405","405","405","405","405","405"
"api","/api/class-x-documents/reports","/api/class-x-documents/reports","GET","PRIVATE","VIEW_CLASS_X_PACKAGE_REPORTS","","SUPER_ADMIN|DIRECTOR|PRINCIPAL|ADMIN|ACCOUNTANT|VIEWER","TEACHER|PARENT","401","403_OR_404","private, no-store","NOINDEX","api/class-x-documents/reports/route.ts","401","200","200","200","200","200","403","403","200"
"api","/api/class-x-documents/reports/export","/api/class-x-documents/reports/export","GET","PRIVATE","EXPORT_CLASS_X_PACKAGE_REPORTS","","SUPER_ADMIN|DIRECTOR|PRINCIPAL|ADMIN|ACCOUNTANT","TEACHER|PARENT|VIEWER","401","403_OR_404","private, no-store","NOINDEX","api/class-x-documents/reports/export/route.ts","401","200","200","200","200","200","403","403","403"
"api","/api/class-x-documents/templates","/api/class-x-documents/templates","GET|POST","PRIVATE","VIEW_CLASS_X_PACKAGES","","SUPER_ADMIN|DIRECTOR|PRINCIPAL|ADMIN|ACCOUNTANT","TEACHER|PARENT|VIEWER","401","403_OR_404","private, no-store","NOINDEX","api/class-x-documents/templates/route.ts","401","200","200","200","200","200","403","403","403"
"api","/api/class-x-documents/templates/[id]","/api/class-x-documents/templates/qasec1qa-object-missing","PATCH","PRIVATE","CONFIGURE_CLASS_X_PACKAGE_TEMPLATES","","SUPER_ADMIN|DIRECTOR","PRINCIPAL|ADMIN|ACCOUNTANT|TEACHER|PARENT|VIEWER","401","403_OR_404","private, no-store","NOINDEX","api/class-x-documents/templates/[id]/route.ts","401","405","405","405","405","405","405","405","405"
"api","/api/cloud-backup/artifacts/[id]/verify","/api/cloud-backup/artifacts/qasec1qa-object-missing/verify","POST","PRIVATE","VERIFY_CLOUD_BACKUP","","SUPER_ADMIN|DIRECTOR|PRINCIPAL|ADMIN","ACCOUNTANT|TEACHER|PARENT|VIEWER","401","403_OR_404","private, no-store","NOINDEX","api/cloud-backup/artifacts/[id]/verify/route.ts","401","405","405","405","405","405","405","405","405"
"api","/api/cloud-backup/health","/api/cloud-backup/health","GET","PRIVATE","VIEW_CLOUD_BACKUP","","SUPER_ADMIN|DIRECTOR|PRINCIPAL|ADMIN|VIEWER","ACCOUNTANT|TEACHER|PARENT","401","403_OR_404","private, no-store","NOINDEX","api/cloud-backup/health/route.ts","401","200","200","200","200","403","403","403","200"
"api","/api/cloud-backup/process-due","/api/cloud-backup/process-due","POST","PRIVATE","RUN_CLOUD_BACKUP","","SUPER_ADMIN|DIRECTOR|ADMIN","PRINCIPAL|ACCOUNTANT|TEACHER|PARENT|VIEWER","401","403_OR_404","private, no-store","NOINDEX","api/cloud-backup/process-due/route.ts","401","405","405","405","405","405","405","405","405"
"api","/api/cloud-backup/profiles","/api/cloud-backup/profiles","GET|POST|PATCH","PRIVATE","MANAGE_CLOUD_BACKUP_PROFILES","","SUPER_ADMIN|DIRECTOR|ADMIN","PRINCIPAL|ACCOUNTANT|TEACHER|PARENT|VIEWER","401","403_OR_404","private, no-store","NOINDEX","api/cloud-backup/profiles/route.ts","401","200","200","403","200","403","403","403","403"
"api","/api/cloud-backup/reports","/api/cloud-backup/reports","GET","PRIVATE","VIEW_CLOUD_BACKUP_REPORTS","","SUPER_ADMIN|DIRECTOR|PRINCIPAL|ADMIN|VIEWER","ACCOUNTANT|TEACHER|PARENT","401","403_OR_404","private, no-store","NOINDEX","api/cloud-backup/reports/route.ts","401","200","200","200","200","403","403","403","200"
"api","/api/cloud-backup/reports/export","/api/cloud-backup/reports/export","GET","PRIVATE","EXPORT_CLOUD_BACKUP_REPORTS","","SUPER_ADMIN|DIRECTOR|PRINCIPAL|ADMIN","ACCOUNTANT|TEACHER|PARENT|VIEWER","401","403_OR_404","private, no-store","NOINDEX","api/cloud-backup/reports/export/route.ts","401","200","200","200","200","403","403","403","403"
"api","/api/cloud-backup/restore-rehearsals","/api/cloud-backup/restore-rehearsals","GET|POST","PRIVATE","RUN_CLOUD_BACKUP_RESTORE_REHEARSAL","","SUPER_ADMIN|DIRECTOR|PRINCIPAL","ADMIN|ACCOUNTANT|TEACHER|PARENT|VIEWER","401","403_OR_404","private, no-store","NOINDEX","api/cloud-backup/restore-rehearsals/route.ts","401","200","200","200","403","403","403","403","403"
"api","/api/cloud-backup/retention","/api/cloud-backup/retention","GET|PATCH|POST","PRIVATE","MANAGE_CLOUD_BACKUP_RETENTION","","SUPER_ADMIN|DIRECTOR","PRINCIPAL|ADMIN|ACCOUNTANT|TEACHER|PARENT|VIEWER","401","403_OR_404","private, no-store","NOINDEX","api/cloud-backup/retention/route.ts","401","200","200","403","403","403","403","403","403"
"api","/api/cloud-backup/runs","/api/cloud-backup/runs","GET|POST","PRIVATE","VERIFY_CLOUD_BACKUP","","SUPER_ADMIN|DIRECTOR|PRINCIPAL|ADMIN","ACCOUNTANT|TEACHER|PARENT|VIEWER","401","403_OR_404","private, no-store","NOINDEX","api/cloud-backup/runs/route.ts","401","200","200","200","200","403","403","403","403"
"api","/api/cloud-backup/runs/[id]","/api/cloud-backup/runs/qasec1qa-object-missing","GET","PRIVATE","VERIFY_CLOUD_BACKUP","","SUPER_ADMIN|DIRECTOR|PRINCIPAL|ADMIN","ACCOUNTANT|TEACHER|PARENT|VIEWER","401","403_OR_404","private, no-store","NOINDEX","api/cloud-backup/runs/[id]/route.ts","401","404","404","404","404","403","403","403","403"
"api","/api/cloud-backup/runs/[id]/workflow","/api/cloud-backup/runs/qasec1qa-object-missing/workflow","POST","PRIVATE","RUN_CLOUD_BACKUP","","SUPER_ADMIN|DIRECTOR|ADMIN","PRINCIPAL|ACCOUNTANT|TEACHER|PARENT|VIEWER","401","403_OR_404","private, no-store","NOINDEX","api/cloud-backup/runs/[id]/workflow/route.ts","401","405","405","405","405","405","405","405","405"
"api","/api/cloud-backup/schedules","/api/cloud-backup/schedules","GET|POST|PATCH","PRIVATE","MANAGE_CLOUD_BACKUP_SCHEDULES","","SUPER_ADMIN|DIRECTOR|ADMIN","PRINCIPAL|ACCOUNTANT|TEACHER|PARENT|VIEWER","401","403_OR_404","private, no-store","NOINDEX","api/cloud-backup/schedules/route.ts","401","200","200","403","200","403","403","403","403"
"api","/api/dashboard","/api/dashboard","GET","PRIVATE","VIEW_DASHBOARD","","SUPER_ADMIN|DIRECTOR|PRINCIPAL|ADMIN|ACCOUNTANT|VIEWER","TEACHER|PARENT","401","403_OR_404","private, no-store","NOINDEX","api/dashboard/route.ts","401","200","200","200","200","200","403","403","200"
"api","/api/exams","/api/exams","GET|POST","PRIVATE","VIEW_EXAMS","","SUPER_ADMIN|DIRECTOR|PRINCIPAL|ADMIN|TEACHER","ACCOUNTANT|PARENT|VIEWER","401","403_OR_404","private, no-store","NOINDEX","api/exams/route.ts","401","200","200","200","200","403","200","403","403"
"api","/api/exams/[id]","/api/exams/qasec1qa-object-missing","GET|PATCH","PRIVATE","VIEW_EXAMS","","SUPER_ADMIN|DIRECTOR|PRINCIPAL|ADMIN|TEACHER","ACCOUNTANT|PARENT|VIEWER","401","403_OR_404","private, no-store","NOINDEX","api/exams/[id]/route.ts","401","404","404","404","404","403","404","403","403"
"api","/api/exams/[id]/assessments","/api/exams/qasec1qa-object-missing/assessments","GET|POST","PRIVATE","VIEW_EXAMS","","SUPER_ADMIN|DIRECTOR|PRINCIPAL|ADMIN|TEACHER","ACCOUNTANT|PARENT|VIEWER","401","403_OR_404","private, no-store","NOINDEX","api/exams/[id]/assessments/route.ts","401","200","200","200","200","403","200","403","403"
"api","/api/exams/[id]/assessments/[assessmentId]","/api/exams/qasec1qa-object-missing/assessments/qasec1qa-assessment-missing","GET|PATCH","PRIVATE","VIEW_EXAMS","","SUPER_ADMIN|DIRECTOR|PRINCIPAL|ADMIN|TEACHER","ACCOUNTANT|PARENT|VIEWER","401","403_OR_404","private, no-store","NOINDEX","api/exams/[id]/assessments/[assessmentId]/route.ts","401","404","404","404","404","403","404","403","403"
"api","/api/exams/[id]/assessments/[assessmentId]/workflow","/api/exams/qasec1qa-object-missing/assessments/qasec1qa-assessment-missing/workflow","POST","PRIVATE","AUTHENTICATED_OR_SCOPED","","SUPER_ADMIN|DIRECTOR|PRINCIPAL|ADMIN|ACCOUNTANT|TEACHER|PARENT|VIEWER","","401","NOT_APPLICABLE","private, no-store","NOINDEX","api/exams/[id]/assessments/[assessmentId]/workflow/route.ts","401","405","405","405","405","405","405","405","405"
"api","/api/exams/[id]/workflow","/api/exams/qasec1qa-object-missing/workflow","POST","PRIVATE","AUTHENTICATED_OR_SCOPED","","SUPER_ADMIN|DIRECTOR|PRINCIPAL|ADMIN|ACCOUNTANT|TEACHER|PARENT|VIEWER","","401","NOT_APPLICABLE","private, no-store","NOINDEX","api/exams/[id]/workflow/route.ts","401","405","405","405","405","405","405","405","405"
"api","/api/expenses","/api/expenses","GET|POST","PRIVATE","VIEW_EXPENSES","","SUPER_ADMIN|DIRECTOR|PRINCIPAL|ADMIN|ACCOUNTANT|VIEWER","TEACHER|PARENT","401","403_OR_404","private, no-store","NOINDEX","api/expenses/route.ts","401","200","200","200","200","200","403","403","200"
"api","/api/expenses/[id]","/api/expenses/qasec1qa-object-missing","GET|PUT","PRIVATE","VIEW_EXPENSES","","SUPER_ADMIN|DIRECTOR|PRINCIPAL|ADMIN|ACCOUNTANT|VIEWER","TEACHER|PARENT","401","403_OR_404","private, no-store","NOINDEX","api/expenses/[id]/route.ts","401","404","404","404","404","404","403","403","404"
"api","/api/expenses/[id]/workflow","/api/expenses/qasec1qa-object-missing/workflow","POST","PRIVATE","AUTHENTICATED_OR_SCOPED","","SUPER_ADMIN|DIRECTOR|PRINCIPAL|ADMIN|ACCOUNTANT|TEACHER|PARENT|VIEWER","","401","NOT_APPLICABLE","private, no-store","NOINDEX","api/expenses/[id]/workflow/route.ts","401","405","405","405","405","405","405","405","405"
"api","/api/expenses/masters","/api/expenses/masters","GET","PRIVATE","VIEW_EXPENSES","","SUPER_ADMIN|DIRECTOR|PRINCIPAL|ADMIN|ACCOUNTANT|VIEWER","TEACHER|PARENT","401","403_OR_404","private, no-store","NOINDEX","api/expenses/masters/route.ts","401","200","200","200","200","200","403","403","200"
"api","/api/expenses/reports","/api/expenses/reports","GET","PRIVATE","VIEW_EXPENSE_REPORTS","","SUPER_ADMIN|DIRECTOR|PRINCIPAL|ADMIN|ACCOUNTANT|VIEWER","TEACHER|PARENT","401","403_OR_404","private, no-store","NOINDEX","api/expenses/reports/route.ts","401","200","200","200","200","200","403","403","200"
"api","/api/expenses/reports/export","/api/expenses/reports/export","GET","PRIVATE","EXPORT_EXPENSE_REPORTS","","SUPER_ADMIN|DIRECTOR|ADMIN|ACCOUNTANT","PRINCIPAL|TEACHER|PARENT|VIEWER","401","403_OR_404","private, no-store","NOINDEX","api/expenses/reports/export/route.ts","401","200","200","403","200","200","403","403","403"
"api","/api/export/[type]","/api/export/students","GET","PRIVATE","AUTHENTICATED_OR_SCOPED","","SUPER_ADMIN|DIRECTOR|PRINCIPAL|ADMIN|ACCOUNTANT|TEACHER|PARENT|VIEWER","","401","NOT_APPLICABLE","private, no-store","NOINDEX","api/export/[type]/route.ts","401","200","200","200","200","403","403","403","403"
"api","/api/fee-register-ocr/batches","/api/fee-register-ocr/batches","GET|POST","PRIVATE","VIEW_FEE_REGISTER_OCR","","SUPER_ADMIN|DIRECTOR|PRINCIPAL|ADMIN|ACCOUNTANT","TEACHER|PARENT|VIEWER","401","403_OR_404","private, no-store","NOINDEX","api/fee-register-ocr/batches/route.ts","401","200","200","200","200","200","403","403","403"
"api","/api/fee-register-ocr/batches/[id]","/api/fee-register-ocr/batches/qasec1qa-object-missing","GET|PATCH","PRIVATE","VIEW_FEE_REGISTER_OCR","","SUPER_ADMIN|DIRECTOR|PRINCIPAL|ADMIN|ACCOUNTANT","TEACHER|PARENT|VIEWER","401","403_OR_404","private, no-store","NOINDEX","api/fee-register-ocr/batches/[id]/route.ts","401","404","404","404","404","404","403","403","403"
"api","/api/fee-register-ocr/batches/[id]/pages","/api/fee-register-ocr/batches/qasec1qa-object-missing/pages","GET|POST","PRIVATE","VIEW_FEE_REGISTER_OCR","","SUPER_ADMIN|DIRECTOR|PRINCIPAL|ADMIN|ACCOUNTANT","TEACHER|PARENT|VIEWER","401","403_OR_404","private, no-store","NOINDEX","api/fee-register-ocr/batches/[id]/pages/route.ts","401","200","200","200","200","200","403","403","403"
"api","/api/fee-register-ocr/batches/[id]/posting","/api/fee-register-ocr/batches/qasec1qa-object-missing/posting","POST","PRIVATE","AUTHENTICATED_OR_SCOPED","","SUPER_ADMIN|DIRECTOR|PRINCIPAL|ADMIN|ACCOUNTANT|TEACHER|PARENT|VIEWER","","401","NOT_APPLICABLE","private, no-store","NOINDEX","api/fee-register-ocr/batches/[id]/posting/route.ts","401","405","405","405","405","405","405","405","405"
"api","/api/fee-register-ocr/pages/[pageId]/extract","/api/fee-register-ocr/pages/qasec1qa-page-missing/extract","POST","PRIVATE","RUN_FEE_REGISTER_OCR","","SUPER_ADMIN|DIRECTOR|ADMIN|ACCOUNTANT","PRINCIPAL|TEACHER|PARENT|VIEWER","401","403_OR_404","private, no-store","NOINDEX","api/fee-register-ocr/pages/[pageId]/extract/route.ts","401","405","405","405","405","405","405","405","405"
"api","/api/fee-register-ocr/pages/[pageId]/image","/api/fee-register-ocr/pages/qasec1qa-page-missing/image","GET","PRIVATE","VIEW_FEE_REGISTER_OCR_IMAGES","","SUPER_ADMIN|DIRECTOR|PRINCIPAL|ADMIN|ACCOUNTANT","TEACHER|PARENT|VIEWER","401","403_OR_404","private, no-store","NOINDEX","api/fee-register-ocr/pages/[pageId]/image/route.ts","401","404","404","404","404","404","403","403","403"
"api","/api/fee-register-ocr/pages/[pageId]/purge","/api/fee-register-ocr/pages/qasec1qa-page-missing/purge","POST","PRIVATE","PURGE_FEE_REGISTER_OCR_IMAGES","","SUPER_ADMIN|DIRECTOR","PRINCIPAL|ADMIN|ACCOUNTANT|TEACHER|PARENT|VIEWER","401","403_OR_404","private, no-store","NOINDEX","api/fee-register-ocr/pages/[pageId]/purge/route.ts","401","405","405","405","405","405","405","405","405"
"api","/api/fee-register-ocr/pages/[pageId]/rows","/api/fee-register-ocr/pages/qasec1qa-page-missing/rows","POST","PRIVATE","REVIEW_FEE_REGISTER_OCR_ROWS","","SUPER_ADMIN|DIRECTOR|PRINCIPAL|ADMIN|ACCOUNTANT","TEACHER|PARENT|VIEWER","401","403_OR_404","private, no-store","NOINDEX","api/fee-register-ocr/pages/[pageId]/rows/route.ts","401","405","405","405","405","405","405","405","405"
"api","/api/fee-register-ocr/profiles","/api/fee-register-ocr/profiles","GET|PATCH","PRIVATE","VIEW_FEE_REGISTER_OCR","","SUPER_ADMIN|DIRECTOR|PRINCIPAL|ADMIN|ACCOUNTANT","TEACHER|PARENT|VIEWER","401","403_OR_404","private, no-store","NOINDEX","api/fee-register-ocr/profiles/route.ts","401","200","200","200","200","200","403","403","403"
"api","/api/fee-register-ocr/reports","/api/fee-register-ocr/reports","GET","PRIVATE","VIEW_FEE_REGISTER_OCR_REPORTS","","SUPER_ADMIN|DIRECTOR|PRINCIPAL|ADMIN|ACCOUNTANT|VIEWER","TEACHER|PARENT","401","403_OR_404","private, no-store","NOINDEX","api/fee-register-ocr/reports/route.ts","401","200","200","200","200","200","403","403","200"
"api","/api/fee-register-ocr/reports/export","/api/fee-register-ocr/reports/export","GET","PRIVATE","EXPORT_FEE_REGISTER_OCR_REPORTS","","SUPER_ADMIN|DIRECTOR|ACCOUNTANT","PRINCIPAL|ADMIN|TEACHER|PARENT|VIEWER","401","403_OR_404","private, no-store","NOINDEX","api/fee-register-ocr/reports/export/route.ts","401","200","200","403","403","200","403","403","403"
"api","/api/fee-register-ocr/rows/[rowId]","/api/fee-register-ocr/rows/qasec1qa-row-missing","GET|PATCH","PRIVATE","REVIEW_FEE_REGISTER_OCR_ROWS","","SUPER_ADMIN|DIRECTOR|PRINCIPAL|ADMIN|ACCOUNTANT","TEACHER|PARENT|VIEWER","401","403_OR_404","private, no-store","NOINDEX","api/fee-register-ocr/rows/[rowId]/route.ts","401","404","404","404","404","404","403","403","403"
"api","/api/fee-structures","/api/fee-structures","GET|POST","PRIVATE","VIEW_FEE_STRUCTURES","","SUPER_ADMIN|DIRECTOR","PRINCIPAL|ADMIN|ACCOUNTANT|TEACHER|PARENT|VIEWER","401","403_OR_404","private, no-store","NOINDEX","api/fee-structures/route.ts","401","200","200","403","403","403","403","403","403"
"api","/api/guardians","/api/guardians","GET|POST","PRIVATE","VIEW_GUARDIANS","","SUPER_ADMIN|DIRECTOR|PRINCIPAL|ADMIN","ACCOUNTANT|TEACHER|PARENT|VIEWER","401","403_OR_404","private, no-store","NOINDEX","api/guardians/route.ts","401","200","200","200","200","403","403","403","403"
"api","/api/guardians/[id]","/api/guardians/qasec1qa-object-missing","GET|PUT","PRIVATE","VIEW_GUARDIANS","","SUPER_ADMIN|DIRECTOR|PRINCIPAL|ADMIN","ACCOUNTANT|TEACHER|PARENT|VIEWER","401","403_OR_404","private, no-store","NOINDEX","api/guardians/[id]/route.ts","401","404","404","404","404","403","403","403","403"
"api","/api/guardians/[id]/parent-user","/api/guardians/qasec1qa-object-missing/parent-user","POST","PRIVATE","MANAGE_GUARDIANS","","SUPER_ADMIN|DIRECTOR|ADMIN","PRINCIPAL|ACCOUNTANT|TEACHER|PARENT|VIEWER","401","403_OR_404","private, no-store","NOINDEX","api/guardians/[id]/parent-user/route.ts","401","405","405","405","405","405","405","405","405"
"api","/api/guardians/[id]/students","/api/guardians/qasec1qa-object-missing/students","POST|DELETE","PRIVATE","MANAGE_GUARDIANS","","SUPER_ADMIN|DIRECTOR|ADMIN","PRINCIPAL|ACCOUNTANT|TEACHER|PARENT|VIEWER","401","403_OR_404","private, no-store","NOINDEX","api/guardians/[id]/students/route.ts","401","405","405","405","405","405","405","405","405"
"api","/api/homework","/api/homework","GET|POST","PRIVATE","VIEW_HOMEWORK","","SUPER_ADMIN|DIRECTOR|PRINCIPAL|ADMIN|TEACHER","ACCOUNTANT|PARENT|VIEWER","401","403_OR_404","private, no-store","NOINDEX","api/homework/route.ts","401","200","200","200","200","403","200","403","403"
"api","/api/homework/[id]","/api/homework/qasec1qa-object-missing","GET|PATCH","PRIVATE","VIEW_HOMEWORK","","SUPER_ADMIN|DIRECTOR|PRINCIPAL|ADMIN|TEACHER","ACCOUNTANT|PARENT|VIEWER","401","403_OR_404","private, no-store","NOINDEX","api/homework/[id]/route.ts","401","404","404","404","404","403","404","403","403"
"api","/api/homework/[id]/archive","/api/homework/qasec1qa-object-missing/archive","POST","PRIVATE","ARCHIVE_HOMEWORK","","SUPER_ADMIN|DIRECTOR|PRINCIPAL|ADMIN","ACCOUNTANT|TEACHER|PARENT|VIEWER","401","403_OR_404","private, no-store","NOINDEX","api/homework/[id]/archive/route.ts","401","405","405","405","405","405","405","405","405"
"api","/api/homework/[id]/cancel","/api/homework/qasec1qa-object-missing/cancel","POST","PRIVATE","ARCHIVE_HOMEWORK","","SUPER_ADMIN|DIRECTOR|PRINCIPAL|ADMIN","ACCOUNTANT|TEACHER|PARENT|VIEWER","401","403_OR_404","private, no-store","NOINDEX","api/homework/[id]/cancel/route.ts","401","405","405","405","405","405","405","405","405"
"api","/api/homework/[id]/correct","/api/homework/qasec1qa-object-missing/correct","POST","PRIVATE","PUBLISH_HOMEWORK","","SUPER_ADMIN|DIRECTOR|PRINCIPAL|ADMIN|TEACHER","ACCOUNTANT|PARENT|VIEWER","401","403_OR_404","private, no-store","NOINDEX","api/homework/[id]/correct/route.ts","401","405","405","405","405","405","405","405","405"
"api","/api/homework/[id]/publish","/api/homework/qasec1qa-object-missing/publish","POST","PRIVATE","PUBLISH_HOMEWORK","","SUPER_ADMIN|DIRECTOR|PRINCIPAL|ADMIN|TEACHER","ACCOUNTANT|PARENT|VIEWER","401","403_OR_404","private, no-store","NOINDEX","api/homework/[id]/publish/route.ts","401","405","405","405","405","405","405","405","405"
"api","/api/homework/preview","/api/homework/preview","POST","PRIVATE","MANAGE_HOMEWORK","","SUPER_ADMIN|DIRECTOR|PRINCIPAL|ADMIN|TEACHER","ACCOUNTANT|PARENT|VIEWER","401","403_OR_404","private, no-store","NOINDEX","api/homework/preview/route.ts","401","405","405","405","405","405","405","405","405"
"api","/api/homework/reports","/api/homework/reports","GET","PRIVATE","VIEW_HOMEWORK_REPORTS","","SUPER_ADMIN|DIRECTOR|PRINCIPAL|ADMIN|TEACHER|VIEWER","ACCOUNTANT|PARENT","401","403_OR_404","private, no-store","NOINDEX","api/homework/reports/route.ts","401","200","200","200","200","403","200","403","200"
"api","/api/homework/reports/export","/api/homework/reports/export","GET","PRIVATE","EXPORT_HOMEWORK_REPORTS","","SUPER_ADMIN|DIRECTOR|PRINCIPAL|ADMIN","ACCOUNTANT|TEACHER|PARENT|VIEWER","401","403_OR_404","private, no-store","NOINDEX","api/homework/reports/export/route.ts","401","200","200","200","200","403","403","403","403"
"api","/api/id-cards","/api/id-cards","GET|POST","PRIVATE","VIEW_ID_CARDS","","SUPER_ADMIN|DIRECTOR|PRINCIPAL|ADMIN","ACCOUNTANT|TEACHER|PARENT|VIEWER","401","403_OR_404","private, no-store","NOINDEX","api/id-cards/route.ts","401","200","200","200","200","403","403","403","403"
"api","/api/id-cards/[id]","/api/id-cards/qasec1qa-object-missing","GET","PRIVATE","VIEW_ID_CARDS","","SUPER_ADMIN|DIRECTOR|PRINCIPAL|ADMIN","ACCOUNTANT|TEACHER|PARENT|VIEWER","401","403_OR_404","private, no-store","NOINDEX","api/id-cards/[id]/route.ts","401","404","404","404","404","403","403","403","403"
"api","/api/id-cards/[id]/print","/api/id-cards/qasec1qa-object-missing/print","GET|POST","PRIVATE","VIEW_ID_CARDS","","SUPER_ADMIN|DIRECTOR|PRINCIPAL|ADMIN","ACCOUNTANT|TEACHER|PARENT|VIEWER","401","403_OR_404","private, no-store","NOINDEX","api/id-cards/[id]/print/route.ts","401","404","404","404","404","403","403","403","403"
"api","/api/id-cards/[id]/versions/[version]","/api/id-cards/qasec1qa-object-missing/versions/1","GET","PRIVATE","VIEW_ID_CARDS","","SUPER_ADMIN|DIRECTOR|PRINCIPAL|ADMIN","ACCOUNTANT|TEACHER|PARENT|VIEWER","401","403_OR_404","private, no-store","NOINDEX","api/id-cards/[id]/versions/[version]/route.ts","401","404","404","404","404","403","403","403","403"
"api","/api/id-cards/[id]/workflow","/api/id-cards/qasec1qa-object-missing/workflow","POST","PRIVATE","AUTHENTICATED_OR_SCOPED","","SUPER_ADMIN|DIRECTOR|PRINCIPAL|ADMIN|ACCOUNTANT|TEACHER|PARENT|VIEWER","","401","NOT_APPLICABLE","private, no-store","NOINDEX","api/id-cards/[id]/workflow/route.ts","401","405","405","405","405","405","405","405","405"
"api","/api/id-cards/batches","/api/id-cards/batches","GET|POST","PRIVATE","VIEW_ID_CARDS","","SUPER_ADMIN|DIRECTOR|PRINCIPAL|ADMIN","ACCOUNTANT|TEACHER|PARENT|VIEWER","401","403_OR_404","private, no-store","NOINDEX","api/id-cards/batches/route.ts","401","200","200","200","200","403","403","403","403"
"api","/api/id-cards/batches/[id]","/api/id-cards/batches/qasec1qa-object-missing","GET","PRIVATE","VIEW_ID_CARDS","","SUPER_ADMIN|DIRECTOR|PRINCIPAL|ADMIN","ACCOUNTANT|TEACHER|PARENT|VIEWER","401","403_OR_404","private, no-store","NOINDEX","api/id-cards/batches/[id]/route.ts","401","404","404","404","404","403","403","403","403"
"api","/api/id-cards/batches/[id]/print","/api/id-cards/batches/qasec1qa-object-missing/print","POST","PRIVATE","VIEW_ID_CARDS","","SUPER_ADMIN|DIRECTOR|PRINCIPAL|ADMIN","ACCOUNTANT|TEACHER|PARENT|VIEWER","401","403_OR_404","private, no-store","NOINDEX","api/id-cards/batches/[id]/print/route.ts","401","405","405","405","405","405","405","405","405"
"api","/api/id-cards/batches/[id]/workflow","/api/id-cards/batches/qasec1qa-object-missing/workflow","POST","PRIVATE","AUTHENTICATED_OR_SCOPED","","SUPER_ADMIN|DIRECTOR|PRINCIPAL|ADMIN|ACCOUNTANT|TEACHER|PARENT|VIEWER","","401","NOT_APPLICABLE","private, no-store","NOINDEX","api/id-cards/batches/[id]/workflow/route.ts","401","405","405","405","405","405","405","405","405"
"api","/api/id-cards/lookup","/api/id-cards/lookup","GET","PRIVATE","USE_ID_CARD_LOOKUP","","SUPER_ADMIN|DIRECTOR|PRINCIPAL|ADMIN","ACCOUNTANT|TEACHER|PARENT|VIEWER","401","403_OR_404","private, no-store","NOINDEX","api/id-cards/lookup/route.ts","401","400","400","400","400","403","403","403","403"
"api","/api/id-cards/number-series","/api/id-cards/number-series","GET|POST","PRIVATE","VIEW_ID_CARDS","","SUPER_ADMIN|DIRECTOR|PRINCIPAL|ADMIN","ACCOUNTANT|TEACHER|PARENT|VIEWER","401","403_OR_404","private, no-store","NOINDEX","api/id-cards/number-series/route.ts","401","200","200","200","200","403","403","403","403"
"api","/api/id-cards/number-series/[id]","/api/id-cards/number-series/qasec1qa-object-missing","PATCH","PRIVATE","MANAGE_ID_CARD_NUMBER_SERIES","","SUPER_ADMIN|DIRECTOR|ADMIN","PRINCIPAL|ACCOUNTANT|TEACHER|PARENT|VIEWER","401","403_OR_404","private, no-store","NOINDEX","api/id-cards/number-series/[id]/route.ts","401","405","405","405","405","405","405","405","405"
"api","/api/id-cards/reports","/api/id-cards/reports","GET","PRIVATE","VIEW_ID_CARD_REPORTS","","SUPER_ADMIN|DIRECTOR|PRINCIPAL|ADMIN|VIEWER","ACCOUNTANT|TEACHER|PARENT","401","403_OR_404","private, no-store","NOINDEX","api/id-cards/reports/route.ts","401","200","200","200","200","403","403","403","200"
"api","/api/id-cards/reports/export","/api/id-cards/reports/export","GET","PRIVATE","EXPORT_ID_CARD_REPORTS","","SUPER_ADMIN|DIRECTOR|PRINCIPAL|ADMIN","ACCOUNTANT|TEACHER|PARENT|VIEWER","401","403_OR_404","private, no-store","NOINDEX","api/id-cards/reports/export/route.ts","401","200","200","200","200","403","403","403","403"
"api","/api/id-cards/source-preview","/api/id-cards/source-preview","POST","PRIVATE","CREATE_ID_CARDS","","SUPER_ADMIN|DIRECTOR|PRINCIPAL|ADMIN","ACCOUNTANT|TEACHER|PARENT|VIEWER","401","403_OR_404","private, no-store","NOINDEX","api/id-cards/source-preview/route.ts","401","405","405","405","405","405","405","405","405"
"api","/api/id-cards/templates","/api/id-cards/templates","GET|POST","PRIVATE","VIEW_ID_CARDS","","SUPER_ADMIN|DIRECTOR|PRINCIPAL|ADMIN","ACCOUNTANT|TEACHER|PARENT|VIEWER","401","403_OR_404","private, no-store","NOINDEX","api/id-cards/templates/route.ts","401","200","200","200","200","403","403","403","403"
"api","/api/id-cards/templates/[id]","/api/id-cards/templates/qasec1qa-object-missing","PATCH","PRIVATE","MANAGE_ID_CARD_TEMPLATES","","SUPER_ADMIN|DIRECTOR|ADMIN","PRINCIPAL|ACCOUNTANT|TEACHER|PARENT|VIEWER","401","403_OR_404","private, no-store","NOINDEX","api/id-cards/templates/[id]/route.ts","401","405","405","405","405","405","405","405","405"
"api","/api/import-verification/checklist","/api/import-verification/checklist","PUT","PRIVATE","VIEW_IMPORT_VERIFICATION","","SUPER_ADMIN|DIRECTOR|ADMIN","PRINCIPAL|ACCOUNTANT|TEACHER|PARENT|VIEWER","401","403_OR_404","private, no-store","NOINDEX","api/import-verification/checklist/route.ts","401","405","405","405","405","405","405","405","405"
"api","/api/import/guardians","/api/import/guardians","POST","PRIVATE","IMPORT_GUARDIANS","","SUPER_ADMIN|DIRECTOR|ADMIN","PRINCIPAL|ACCOUNTANT|TEACHER|PARENT|VIEWER","401","403_OR_404","private, no-store","NOINDEX","api/import/guardians/route.ts","401","405","405","405","405","405","405","405","405"
"api","/api/import/guardians/template","/api/import/guardians/template","GET","PRIVATE","IMPORT_GUARDIANS","","SUPER_ADMIN|DIRECTOR|ADMIN","PRINCIPAL|ACCOUNTANT|TEACHER|PARENT|VIEWER","401","403_OR_404","private, no-store","NOINDEX","api/import/guardians/template/route.ts","401","200","200","403","200","403","403","403","403"
"api","/api/import/payments","/api/import/payments","POST","PRIVATE","CREATE_PAYMENTS","","SUPER_ADMIN|DIRECTOR|ACCOUNTANT","PRINCIPAL|ADMIN|TEACHER|PARENT|VIEWER","401","403_OR_404","private, no-store","NOINDEX","api/import/payments/route.ts","401","405","405","405","405","405","405","405","405"
"api","/api/import/staff","/api/import/staff","POST","PRIVATE","IMPORT_STAFF","","SUPER_ADMIN|DIRECTOR|ADMIN","PRINCIPAL|ACCOUNTANT|TEACHER|PARENT|VIEWER","401","403_OR_404","private, no-store","NOINDEX","api/import/staff/route.ts","401","405","405","405","405","405","405","405","405"
"api","/api/import/staff/template","/api/import/staff/template","GET","PRIVATE","IMPORT_STAFF","","SUPER_ADMIN|DIRECTOR|ADMIN","PRINCIPAL|ACCOUNTANT|TEACHER|PARENT|VIEWER","401","403_OR_404","private, no-store","NOINDEX","api/import/staff/template/route.ts","401","200","200","403","200","403","403","403","403"
"api","/api/import/students","/api/import/students","POST","PRIVATE","IMPORT_STUDENTS","","SUPER_ADMIN|DIRECTOR|ADMIN","PRINCIPAL|ACCOUNTANT|TEACHER|PARENT|VIEWER","401","403_OR_404","private, no-store","NOINDEX","api/import/students/route.ts","401","405","405","405","405","405","405","405","405"
"api","/api/leave/staff","/api/leave/staff","GET|POST","PRIVATE","VIEW_STAFF_LEAVE","","SUPER_ADMIN|DIRECTOR|PRINCIPAL|ADMIN|TEACHER","ACCOUNTANT|PARENT|VIEWER","401","403_OR_404","private, no-store","NOINDEX","api/leave/staff/route.ts","401","200","200","200","200","403","200","403","403"
"api","/api/leave/staff/[id]","/api/leave/staff/qasec1qa-object-missing","GET|PATCH","PRIVATE","VIEW_STAFF_LEAVE","","SUPER_ADMIN|DIRECTOR|PRINCIPAL|ADMIN|TEACHER","ACCOUNTANT|PARENT|VIEWER","401","403_OR_404","private, no-store","NOINDEX","api/leave/staff/[id]/route.ts","401","404","404","404","404","403","404","403","403"
"api","/api/leave/staff/reports/export","/api/leave/staff/reports/export","GET","PRIVATE","VIEW_STAFF_LEAVE_REPORTS","","SUPER_ADMIN|DIRECTOR|PRINCIPAL|ADMIN|VIEWER","ACCOUNTANT|TEACHER|PARENT","401","403_OR_404","private, no-store","NOINDEX","api/leave/staff/reports/export/route.ts","401","200","200","200","200","403","403","403","200"
"api","/api/ledger","/api/ledger","GET","PRIVATE","VIEW_LEDGER","","SUPER_ADMIN|DIRECTOR|PRINCIPAL|ADMIN|ACCOUNTANT|VIEWER","TEACHER|PARENT","401","403_OR_404","private, no-store","NOINDEX","api/ledger/route.ts","401","400","400","400","400","400","403","403","400"
"api","/api/library/barcodes","/api/library/barcodes","GET","PRIVATE","VIEW_LIBRARY_BARCODES","","SUPER_ADMIN|DIRECTOR|PRINCIPAL|ADMIN","ACCOUNTANT|TEACHER|PARENT|VIEWER","401","403_OR_404","private, no-store","NOINDEX","api/library/barcodes/route.ts","401","200","200","200","200","403","403","403","403"
"api","/api/library/barcodes/assign","/api/library/barcodes/assign","POST","PRIVATE","MANAGE_LIBRARY_BARCODES","","SUPER_ADMIN|DIRECTOR|ADMIN","PRINCIPAL|ACCOUNTANT|TEACHER|PARENT|VIEWER","401","403_OR_404","private, no-store","NOINDEX","api/library/barcodes/assign/route.ts","401","405","405","405","405","405","405","405","405"
"api","/api/library/barcodes/bulk","/api/library/barcodes/bulk","POST","PRIVATE","MANAGE_LIBRARY_BARCODES","","SUPER_ADMIN|DIRECTOR|ADMIN","PRINCIPAL|ACCOUNTANT|TEACHER|PARENT|VIEWER","401","403_OR_404","private, no-store","NOINDEX","api/library/barcodes/bulk/route.ts","401","405","405","405","405","405","405","405","405"
"api","/api/library/barcodes/export","/api/library/barcodes/export","GET","PRIVATE","EXPORT_LIBRARY_REPORTS","","SUPER_ADMIN|DIRECTOR|ADMIN","PRINCIPAL|ACCOUNTANT|TEACHER|PARENT|VIEWER","401","403_OR_404","private, no-store","NOINDEX","api/library/barcodes/export/route.ts","401","200","200","403","200","403","403","403","403"
"api","/api/library/barcodes/labels","/api/library/barcodes/labels","GET","PRIVATE","PRINT_LIBRARY_BARCODE_LABELS","","SUPER_ADMIN|DIRECTOR|ADMIN","PRINCIPAL|ACCOUNTANT|TEACHER|PARENT|VIEWER","401","403_OR_404","private, no-store","NOINDEX","api/library/barcodes/labels/route.ts","401","200","200","403","200","403","403","403","403"
"api","/api/library/charge-rules","/api/library/charge-rules","GET|POST","PRIVATE","VIEW_LIBRARY_CHARGES","","SUPER_ADMIN|DIRECTOR|PRINCIPAL|ADMIN|ACCOUNTANT","TEACHER|PARENT|VIEWER","401","403_OR_404","private, no-store","NOINDEX","api/library/charge-rules/route.ts","401","200","200","200","200","200","403","403","403"
"api","/api/library/charge-rules/[id]","/api/library/charge-rules/qasec1qa-object-missing","PATCH","PRIVATE","ASSESS_LIBRARY_CHARGES","","SUPER_ADMIN|DIRECTOR|ADMIN","PRINCIPAL|ACCOUNTANT|TEACHER|PARENT|VIEWER","401","403_OR_404","private, no-store","NOINDEX","api/library/charge-rules/[id]/route.ts","401","405","405","405","405","405","405","405","405"
"api","/api/library/charges","/api/library/charges","GET|POST","PRIVATE","VIEW_LIBRARY_CHARGES","","SUPER_ADMIN|DIRECTOR|PRINCIPAL|ADMIN|ACCOUNTANT","TEACHER|PARENT|VIEWER","401","403_OR_404","private, no-store","NOINDEX","api/library/charges/route.ts","401","200","200","200","200","200","403","403","403"
"api","/api/library/charges/[id]","/api/library/charges/qasec1qa-object-missing","GET","PRIVATE","VIEW_LIBRARY_CHARGES","","SUPER_ADMIN|DIRECTOR|PRINCIPAL|ADMIN|ACCOUNTANT","TEACHER|PARENT|VIEWER","401","403_OR_404","private, no-store","NOINDEX","api/library/charges/[id]/route.ts","401","404","404","404","404","404","403","403","403"
"api","/api/library/charges/[id]/collect","/api/library/charges/qasec1qa-object-missing/collect","POST","PRIVATE","COLLECT_LIBRARY_CHARGES","","SUPER_ADMIN|DIRECTOR|ACCOUNTANT","PRINCIPAL|ADMIN|TEACHER|PARENT|VIEWER","401","403_OR_404","private, no-store","NOINDEX","api/library/charges/[id]/collect/route.ts","401","405","405","405","405","405","405","405","405"
"api","/api/library/charges/[id]/waive","/api/library/charges/qasec1qa-object-missing/waive","POST","PRIVATE","WAIVE_LIBRARY_CHARGES","","SUPER_ADMIN|DIRECTOR","PRINCIPAL|ADMIN|ACCOUNTANT|TEACHER|PARENT|VIEWER","401","403_OR_404","private, no-store","NOINDEX","api/library/charges/[id]/waive/route.ts","401","405","405","405","405","405","405","405","405"
"api","/api/library/charges/[id]/workflow","/api/library/charges/qasec1qa-object-missing/workflow","POST","PRIVATE","AUTHENTICATED_OR_SCOPED","","SUPER_ADMIN|DIRECTOR|PRINCIPAL|ADMIN|ACCOUNTANT|TEACHER|PARENT|VIEWER","","401","NOT_APPLICABLE","private, no-store","NOINDEX","api/library/charges/[id]/workflow/route.ts","401","405","405","405","405","405","405","405","405"
"api","/api/library/charges/reports","/api/library/charges/reports","GET","PRIVATE","VIEW_LIBRARY_CHARGE_REPORTS","","SUPER_ADMIN|DIRECTOR|PRINCIPAL|ADMIN|ACCOUNTANT|VIEWER","TEACHER|PARENT","401","403_OR_404","private, no-store","NOINDEX","api/library/charges/reports/route.ts","401","200","200","200","200","200","403","403","200"
"api","/api/library/charges/reports/export","/api/library/charges/reports/export","GET","PRIVATE","EXPORT_LIBRARY_CHARGE_REPORTS","","SUPER_ADMIN|DIRECTOR|ADMIN|ACCOUNTANT","PRINCIPAL|TEACHER|PARENT|VIEWER","401","403_OR_404","private, no-store","NOINDEX","api/library/charges/reports/export/route.ts","401","200","200","403","200","200","403","403","403"
"api","/api/library/circulation/reports","/api/library/circulation/reports","GET","PRIVATE","VIEW_LIBRARY_CIRCULATION_REPORTS","","SUPER_ADMIN|DIRECTOR|PRINCIPAL|ADMIN|VIEWER","ACCOUNTANT|TEACHER|PARENT","401","403_OR_404","private, no-store","NOINDEX","api/library/circulation/reports/route.ts","401","200","200","200","200","403","403","403","200"
"api","/api/library/circulation/reports/export","/api/library/circulation/reports/export","GET","PRIVATE","EXPORT_LIBRARY_CIRCULATION_REPORTS","","SUPER_ADMIN|DIRECTOR|ADMIN","PRINCIPAL|ACCOUNTANT|TEACHER|PARENT|VIEWER","401","403_OR_404","private, no-store","NOINDEX","api/library/circulation/reports/export/route.ts","401","200","200","403","200","403","403","403","403"
"api","/api/library/copies","/api/library/copies","GET|POST","PRIVATE","VIEW_LIBRARY","","SUPER_ADMIN|DIRECTOR|PRINCIPAL|ADMIN|VIEWER","ACCOUNTANT|TEACHER|PARENT","401","403_OR_404","private, no-store","NOINDEX","api/library/copies/route.ts","401","200","200","200","200","403","403","403","200"
"api","/api/library/copies/[id]","/api/library/copies/qasec1qa-object-missing","GET|PATCH","PRIVATE","VIEW_LIBRARY","","SUPER_ADMIN|DIRECTOR|PRINCIPAL|ADMIN|VIEWER","ACCOUNTANT|TEACHER|PARENT","401","403_OR_404","private, no-store","NOINDEX","api/library/copies/[id]/route.ts","401","404","404","404","404","403","403","403","404"
"api","/api/library/copies/[id]/condition","/api/library/copies/qasec1qa-object-missing/condition","POST","PRIVATE","MANAGE_LIBRARY_COPIES","","SUPER_ADMIN|DIRECTOR|ADMIN","PRINCIPAL|ACCOUNTANT|TEACHER|PARENT|VIEWER","401","403_OR_404","private, no-store","NOINDEX","api/library/copies/[id]/condition/route.ts","401","405","405","405","405","405","405","405","405"
"api","/api/library/copies/[id]/events","/api/library/copies/qasec1qa-object-missing/events","GET","PRIVATE","VIEW_LIBRARY","","SUPER_ADMIN|DIRECTOR|PRINCIPAL|ADMIN|VIEWER","ACCOUNTANT|TEACHER|PARENT","401","403_OR_404","private, no-store","NOINDEX","api/library/copies/[id]/events/route.ts","401","200","200","200","200","403","403","403","200"
"api","/api/library/copies/[id]/shelf","/api/library/copies/qasec1qa-object-missing/shelf","POST","PRIVATE","MANAGE_LIBRARY_COPIES","","SUPER_ADMIN|DIRECTOR|ADMIN","PRINCIPAL|ACCOUNTANT|TEACHER|PARENT|VIEWER","401","403_OR_404","private, no-store","NOINDEX","api/library/copies/[id]/shelf/route.ts","401","405","405","405","405","405","405","405","405"
"api","/api/library/copies/[id]/status","/api/library/copies/qasec1qa-object-missing/status","POST","PRIVATE","MANAGE_LIBRARY_COPIES","","SUPER_ADMIN|DIRECTOR|ADMIN","PRINCIPAL|ACCOUNTANT|TEACHER|PARENT|VIEWER","401","403_OR_404","private, no-store","NOINDEX","api/library/copies/[id]/status/route.ts","401","405","405","405","405","405","405","405","405"
"api","/api/library/copies/[id]/withdraw","/api/library/copies/qasec1qa-object-missing/withdraw","POST","PRIVATE","MANAGE_LIBRARY_COPIES","","SUPER_ADMIN|DIRECTOR|ADMIN","PRINCIPAL|ACCOUNTANT|TEACHER|PARENT|VIEWER","401","403_OR_404","private, no-store","NOINDEX","api/library/copies/[id]/withdraw/route.ts","401","405","405","405","405","405","405","405","405"
"api","/api/library/import/[kind]","/api/library/import/students","POST","PRIVATE","IMPORT_LIBRARY_CATALOG","","SUPER_ADMIN|DIRECTOR|ADMIN","PRINCIPAL|ACCOUNTANT|TEACHER|PARENT|VIEWER","401","403_OR_404","private, no-store","NOINDEX","api/library/import/[kind]/route.ts","401","405","405","405","405","405","405","405","405"
"api","/api/library/import/template/[kind]","/api/library/import/template/students","GET","PRIVATE","IMPORT_LIBRARY_CATALOG","","SUPER_ADMIN|DIRECTOR|ADMIN","PRINCIPAL|ACCOUNTANT|TEACHER|PARENT|VIEWER","401","403_OR_404","private, no-store","NOINDEX","api/library/import/template/[kind]/route.ts","401","404","404","403","404","403","403","403","403"
"api","/api/library/incidents","/api/library/incidents","GET|POST","PRIVATE","VIEW_LIBRARY_INCIDENTS","","SUPER_ADMIN|DIRECTOR|PRINCIPAL|ADMIN","ACCOUNTANT|TEACHER|PARENT|VIEWER","401","403_OR_404","private, no-store","NOINDEX","api/library/incidents/route.ts","401","200","200","200","200","403","403","403","403"
"api","/api/library/incidents/[id]","/api/library/incidents/qasec1qa-object-missing","GET","PRIVATE","VIEW_LIBRARY_INCIDENTS","","SUPER_ADMIN|DIRECTOR|PRINCIPAL|ADMIN","ACCOUNTANT|TEACHER|PARENT|VIEWER","401","403_OR_404","private, no-store","NOINDEX","api/library/incidents/[id]/route.ts","401","404","404","404","404","403","403","403","403"
"api","/api/library/incidents/[id]/resolve","/api/library/incidents/qasec1qa-object-missing/resolve","POST","PRIVATE","MANAGE_LIBRARY_INCIDENTS","","SUPER_ADMIN|DIRECTOR|ADMIN","PRINCIPAL|ACCOUNTANT|TEACHER|PARENT|VIEWER","401","403_OR_404","private, no-store","NOINDEX","api/library/incidents/[id]/resolve/route.ts","401","405","405","405","405","405","405","405","405"
"api","/api/library/incidents/[id]/workflow","/api/library/incidents/qasec1qa-object-missing/workflow","POST","PRIVATE","AUTHENTICATED_OR_SCOPED","","SUPER_ADMIN|DIRECTOR|PRINCIPAL|ADMIN|ACCOUNTANT|TEACHER|PARENT|VIEWER","","401","NOT_APPLICABLE","private, no-store","NOINDEX","api/library/incidents/[id]/workflow/route.ts","401","405","405","405","405","405","405","405","405"
"api","/api/library/issue","/api/library/issue","POST","PRIVATE","ISSUE_LIBRARY_BOOKS","","SUPER_ADMIN|DIRECTOR|ADMIN","PRINCIPAL|ACCOUNTANT|TEACHER|PARENT|VIEWER","401","403_OR_404","private, no-store","NOINDEX","api/library/issue/route.ts","401","405","405","405","405","405","405","405","405"
"api","/api/library/loans","/api/library/loans","GET","PRIVATE","VIEW_LIBRARY_CIRCULATION","","SUPER_ADMIN|DIRECTOR|PRINCIPAL|ADMIN","ACCOUNTANT|TEACHER|PARENT|VIEWER","401","403_OR_404","private, no-store","NOINDEX","api/library/loans/route.ts","401","200","200","200","200","403","403","403","403"
"api","/api/library/loans/[id]","/api/library/loans/qasec1qa-object-missing","GET","PRIVATE","VIEW_LIBRARY_CIRCULATION","","SUPER_ADMIN|DIRECTOR|PRINCIPAL|ADMIN","ACCOUNTANT|TEACHER|PARENT|VIEWER","401","403_OR_404","private, no-store","NOINDEX","api/library/loans/[id]/route.ts","401","404","404","404","404","403","403","403","403"
"api","/api/library/loans/[id]/cancel","/api/library/loans/qasec1qa-object-missing/cancel","POST","PRIVATE","ISSUE_LIBRARY_BOOKS","","SUPER_ADMIN|DIRECTOR|ADMIN","PRINCIPAL|ACCOUNTANT|TEACHER|PARENT|VIEWER","401","403_OR_404","private, no-store","NOINDEX","api/library/loans/[id]/cancel/route.ts","401","405","405","405","405","405","405","405","405"
"api","/api/library/loans/[id]/renew","/api/library/loans/qasec1qa-object-missing/renew","POST","PRIVATE","RENEW_LIBRARY_BOOKS","","SUPER_ADMIN|DIRECTOR|ADMIN","PRINCIPAL|ACCOUNTANT|TEACHER|PARENT|VIEWER","401","403_OR_404","private, no-store","NOINDEX","api/library/loans/[id]/renew/route.ts","401","405","405","405","405","405","405","405","405"
"api","/api/library/members","/api/library/members","GET|POST","PRIVATE","VIEW_LIBRARY_CIRCULATION","","SUPER_ADMIN|DIRECTOR|PRINCIPAL|ADMIN","ACCOUNTANT|TEACHER|PARENT|VIEWER","401","403_OR_404","private, no-store","NOINDEX","api/library/members/route.ts","401","200","200","200","200","403","403","403","403"
"api","/api/library/members/[id]","/api/library/members/qasec1qa-object-missing","GET|PATCH","PRIVATE","VIEW_LIBRARY_CIRCULATION","","SUPER_ADMIN|DIRECTOR|PRINCIPAL|ADMIN","ACCOUNTANT|TEACHER|PARENT|VIEWER","401","403_OR_404","private, no-store","NOINDEX","api/library/members/[id]/route.ts","401","404","404","404","404","403","403","403","403"
"api","/api/library/policies","/api/library/policies","GET|POST","PRIVATE","VIEW_LIBRARY_CIRCULATION","","SUPER_ADMIN|DIRECTOR|PRINCIPAL|ADMIN","ACCOUNTANT|TEACHER|PARENT|VIEWER","401","403_OR_404","private, no-store","NOINDEX","api/library/policies/route.ts","401","200","200","200","200","403","403","403","403"
"api","/api/library/policies/[id]","/api/library/policies/qasec1qa-object-missing","PATCH","PRIVATE","MANAGE_LIBRARY_POLICIES","","SUPER_ADMIN|DIRECTOR|ADMIN","PRINCIPAL|ACCOUNTANT|TEACHER|PARENT|VIEWER","401","403_OR_404","private, no-store","NOINDEX","api/library/policies/[id]/route.ts","401","405","405","405","405","405","405","405","405"
"api","/api/library/reports","/api/library/reports","GET","PRIVATE","VIEW_LIBRARY_REPORTS","","SUPER_ADMIN|DIRECTOR|PRINCIPAL|ADMIN|VIEWER","ACCOUNTANT|TEACHER|PARENT","401","403_OR_404","private, no-store","NOINDEX","api/library/reports/route.ts","401","200","200","200","200","403","403","403","200"
"api","/api/library/reports/export","/api/library/reports/export","GET","PRIVATE","EXPORT_LIBRARY_REPORTS","","SUPER_ADMIN|DIRECTOR|ADMIN","PRINCIPAL|ACCOUNTANT|TEACHER|PARENT|VIEWER","401","403_OR_404","private, no-store","NOINDEX","api/library/reports/export/route.ts","401","200","200","403","200","403","403","403","403"
"api","/api/library/reservations","/api/library/reservations","GET|POST","PRIVATE","VIEW_LIBRARY_CIRCULATION","","SUPER_ADMIN|DIRECTOR|PRINCIPAL|ADMIN","ACCOUNTANT|TEACHER|PARENT|VIEWER","401","403_OR_404","private, no-store","NOINDEX","api/library/reservations/route.ts","401","200","200","200","200","403","403","403","403"
"api","/api/library/reservations/[id]/cancel","/api/library/reservations/qasec1qa-object-missing/cancel","POST","PRIVATE","MANAGE_LIBRARY_RESERVATIONS","","SUPER_ADMIN|DIRECTOR|ADMIN","PRINCIPAL|ACCOUNTANT|TEACHER|PARENT|VIEWER","401","403_OR_404","private, no-store","NOINDEX","api/library/reservations/[id]/cancel/route.ts","401","405","405","405","405","405","405","405","405"
"api","/api/library/reservations/[id]/expire","/api/library/reservations/qasec1qa-object-missing/expire","POST","PRIVATE","MANAGE_LIBRARY_RESERVATIONS","","SUPER_ADMIN|DIRECTOR|ADMIN","PRINCIPAL|ACCOUNTANT|TEACHER|PARENT|VIEWER","401","403_OR_404","private, no-store","NOINDEX","api/library/reservations/[id]/expire/route.ts","401","405","405","405","405","405","405","405","405"
"api","/api/library/return","/api/library/return","POST","PRIVATE","RETURN_LIBRARY_BOOKS","","SUPER_ADMIN|DIRECTOR|ADMIN","PRINCIPAL|ACCOUNTANT|TEACHER|PARENT|VIEWER","401","403_OR_404","private, no-store","NOINDEX","api/library/return/route.ts","401","405","405","405","405","405","405","405","405"
"api","/api/library/scanner/copy","/api/library/scanner/copy","GET","PRIVATE","USE_LIBRARY_SCANNER","","SUPER_ADMIN|DIRECTOR|ADMIN","PRINCIPAL|ACCOUNTANT|TEACHER|PARENT|VIEWER","401","403_OR_404","private, no-store","NOINDEX","api/library/scanner/copy/route.ts","401","400","400","403","400","403","403","403","403"
"api","/api/library/scanner/issue","/api/library/scanner/issue","POST","PRIVATE","USE_LIBRARY_SCANNER","","SUPER_ADMIN|DIRECTOR|ADMIN","PRINCIPAL|ACCOUNTANT|TEACHER|PARENT|VIEWER","401","403_OR_404","private, no-store","NOINDEX","api/library/scanner/issue/route.ts","401","405","405","405","405","405","405","405","405"
"api","/api/library/scanner/member","/api/library/scanner/member","GET","PRIVATE","USE_LIBRARY_SCANNER","","SUPER_ADMIN|DIRECTOR|ADMIN","PRINCIPAL|ACCOUNTANT|TEACHER|PARENT|VIEWER","401","403_OR_404","private, no-store","NOINDEX","api/library/scanner/member/route.ts","401","400","400","403","400","403","403","403","403"
"api","/api/library/scanner/return","/api/library/scanner/return","POST","PRIVATE","USE_LIBRARY_SCANNER","","SUPER_ADMIN|DIRECTOR|ADMIN","PRINCIPAL|ACCOUNTANT|TEACHER|PARENT|VIEWER","401","403_OR_404","private, no-store","NOINDEX","api/library/scanner/return/route.ts","401","405","405","405","405","405","405","405","405"
"api","/api/library/stock-verification/preview","/api/library/stock-verification/preview","POST","PRIVATE","MANAGE_LIBRARY_STOCK_VERIFICATION","","SUPER_ADMIN|DIRECTOR|ADMIN","PRINCIPAL|ACCOUNTANT|TEACHER|PARENT|VIEWER","401","403_OR_404","private, no-store","NOINDEX","api/library/stock-verification/preview/route.ts","401","405","405","405","405","405","405","405","405"
"api","/api/library/stock-verification/reports","/api/library/stock-verification/reports","GET","PRIVATE","VIEW_LIBRARY_STOCK_REPORTS","","SUPER_ADMIN|DIRECTOR|PRINCIPAL|ADMIN|VIEWER","ACCOUNTANT|TEACHER|PARENT","401","403_OR_404","private, no-store","NOINDEX","api/library/stock-verification/reports/route.ts","401","200","200","200","200","403","403","403","200"
"api","/api/library/stock-verification/reports/export","/api/library/stock-verification/reports/export","GET","PRIVATE","EXPORT_LIBRARY_STOCK_REPORTS","","SUPER_ADMIN|DIRECTOR|ADMIN","PRINCIPAL|ACCOUNTANT|TEACHER|PARENT|VIEWER","401","403_OR_404","private, no-store","NOINDEX","api/library/stock-verification/reports/export/route.ts","401","200","200","403","200","403","403","403","403"
"api","/api/library/stock-verification/sessions","/api/library/stock-verification/sessions","GET|POST","PRIVATE","VIEW_LIBRARY_STOCK_VERIFICATION","","SUPER_ADMIN|DIRECTOR|PRINCIPAL|ADMIN|VIEWER","ACCOUNTANT|TEACHER|PARENT","401","403_OR_404","private, no-store","NOINDEX","api/library/stock-verification/sessions/route.ts","401","200","200","200","200","403","403","403","403"
"api","/api/library/stock-verification/sessions/[id]","/api/library/stock-verification/sessions/qasec1qa-object-missing","GET|PATCH","PRIVATE","VIEW_LIBRARY_STOCK_VERIFICATION","","SUPER_ADMIN|DIRECTOR|PRINCIPAL|ADMIN|VIEWER","ACCOUNTANT|TEACHER|PARENT","401","403_OR_404","private, no-store","NOINDEX","api/library/stock-verification/sessions/[id]/route.ts","401","404","404","404","404","403","403","403","403"
"api","/api/library/stock-verification/sessions/[id]/apply","/api/library/stock-verification/sessions/qasec1qa-object-missing/apply","POST","PRIVATE","APPLY_LIBRARY_STOCK_CORRECTIONS","","SUPER_ADMIN|DIRECTOR|ADMIN","PRINCIPAL|ACCOUNTANT|TEACHER|PARENT|VIEWER","401","403_OR_404","private, no-store","NOINDEX","api/library/stock-verification/sessions/[id]/apply/route.ts","401","405","405","405","405","405","405","405","405"
"api","/api/library/stock-verification/sessions/[id]/approve","/api/library/stock-verification/sessions/qasec1qa-object-missing/approve","POST","PRIVATE","APPROVE_LIBRARY_STOCK_VERIFICATION","","SUPER_ADMIN|DIRECTOR|ADMIN","PRINCIPAL|ACCOUNTANT|TEACHER|PARENT|VIEWER","401","403_OR_404","private, no-store","NOINDEX","api/library/stock-verification/sessions/[id]/approve/route.ts","401","405","405","405","405","405","405","405","405"
"api","/api/library/stock-verification/sessions/[id]/cancel","/api/library/stock-verification/sessions/qasec1qa-object-missing/cancel","POST","PRIVATE","MANAGE_LIBRARY_STOCK_VERIFICATION","","SUPER_ADMIN|DIRECTOR|ADMIN","PRINCIPAL|ACCOUNTANT|TEACHER|PARENT|VIEWER","401","403_OR_404","private, no-store","NOINDEX","api/library/stock-verification/sessions/[id]/cancel/route.ts","401","405","405","405","405","405","405","405","405"
"api","/api/library/stock-verification/sessions/[id]/lock","/api/library/stock-verification/sessions/qasec1qa-object-missing/lock","POST","PRIVATE","LOCK_LIBRARY_STOCK_VERIFICATION","","SUPER_ADMIN|DIRECTOR","PRINCIPAL|ADMIN|ACCOUNTANT|TEACHER|PARENT|VIEWER","401","403_OR_404","private, no-store","NOINDEX","api/library/stock-verification/sessions/[id]/lock/route.ts","401","405","405","405","405","405","405","405","405"
"api","/api/library/stock-verification/sessions/[id]/missing","/api/library/stock-verification/sessions/qasec1qa-object-missing/missing","GET|POST","PRIVATE","SCAN_LIBRARY_STOCK","","SUPER_ADMIN|DIRECTOR|ADMIN","PRINCIPAL|ACCOUNTANT|TEACHER|PARENT|VIEWER","401","403_OR_404","private, no-store","NOINDEX","api/library/stock-verification/sessions/[id]/missing/route.ts","401","200","200","403","200","403","403","403","403"
"api","/api/library/stock-verification/sessions/[id]/observations","/api/library/stock-verification/sessions/qasec1qa-object-missing/observations","POST","PRIVATE","SCAN_LIBRARY_STOCK","","SUPER_ADMIN|DIRECTOR|ADMIN","PRINCIPAL|ACCOUNTANT|TEACHER|PARENT|VIEWER","401","403_OR_404","private, no-store","NOINDEX","api/library/stock-verification/sessions/[id]/observations/route.ts","401","405","405","405","405","405","405","405","405"
"api","/api/library/stock-verification/sessions/[id]/review","/api/library/stock-verification/sessions/qasec1qa-object-missing/review","POST","PRIVATE","REVIEW_LIBRARY_STOCK_DISCREPANCIES","","SUPER_ADMIN|DIRECTOR|PRINCIPAL|ADMIN","ACCOUNTANT|TEACHER|PARENT|VIEWER","401","403_OR_404","private, no-store","NOINDEX","api/library/stock-verification/sessions/[id]/review/route.ts","401","405","405","405","405","405","405","405","405"
"api","/api/library/stock-verification/sessions/[id]/scan","/api/library/stock-verification/sessions/qasec1qa-object-missing/scan","POST","PRIVATE","SCAN_LIBRARY_STOCK","","SUPER_ADMIN|DIRECTOR|ADMIN","PRINCIPAL|ACCOUNTANT|TEACHER|PARENT|VIEWER","401","403_OR_404","private, no-store","NOINDEX","api/library/stock-verification/sessions/[id]/scan/route.ts","401","405","405","405","405","405","405","405","405"
"api","/api/library/stock-verification/sessions/[id]/start","/api/library/stock-verification/sessions/qasec1qa-object-missing/start","POST","PRIVATE","MANAGE_LIBRARY_STOCK_VERIFICATION","","SUPER_ADMIN|DIRECTOR|ADMIN","PRINCIPAL|ACCOUNTANT|TEACHER|PARENT|VIEWER","401","403_OR_404","private, no-store","NOINDEX","api/library/stock-verification/sessions/[id]/start/route.ts","401","405","405","405","405","405","405","405","405"
"api","/api/library/stock-verification/sessions/[id]/submit","/api/library/stock-verification/sessions/qasec1qa-object-missing/submit","POST","PRIVATE","MANAGE_LIBRARY_STOCK_VERIFICATION","","SUPER_ADMIN|DIRECTOR|ADMIN","PRINCIPAL|ACCOUNTANT|TEACHER|PARENT|VIEWER","401","403_OR_404","private, no-store","NOINDEX","api/library/stock-verification/sessions/[id]/submit/route.ts","401","405","405","405","405","405","405","405","405"
"api","/api/library/titles","/api/library/titles","GET|POST","PRIVATE","VIEW_LIBRARY","","SUPER_ADMIN|DIRECTOR|PRINCIPAL|ADMIN|VIEWER","ACCOUNTANT|TEACHER|PARENT","401","403_OR_404","private, no-store","NOINDEX","api/library/titles/route.ts","401","200","200","200","200","403","403","403","200"
"api","/api/library/titles/[id]","/api/library/titles/qasec1qa-object-missing","GET|PATCH","PRIVATE","VIEW_LIBRARY","","SUPER_ADMIN|DIRECTOR|PRINCIPAL|ADMIN|VIEWER","ACCOUNTANT|TEACHER|PARENT","401","403_OR_404","private, no-store","NOINDEX","api/library/titles/[id]/route.ts","401","404","404","404","404","403","403","403","404"
"api","/api/marks/entry/[assessmentId]","/api/marks/entry/qasec1qa-assessment-missing","GET|PUT","PRIVATE","VIEW_EXAMS","","SUPER_ADMIN|DIRECTOR|PRINCIPAL|ADMIN|TEACHER","ACCOUNTANT|PARENT|VIEWER","401","403_OR_404","private, no-store","NOINDEX","api/marks/entry/[assessmentId]/route.ts","401","404","404","404","404","403","404","403","403"
"api","/api/marks/entry/[assessmentId]/correct","/api/marks/entry/qasec1qa-assessment-missing/correct","POST","PRIVATE","CORRECT_APPROVED_MARKS","","SUPER_ADMIN|DIRECTOR|PRINCIPAL","ADMIN|ACCOUNTANT|TEACHER|PARENT|VIEWER","401","403_OR_404","private, no-store","NOINDEX","api/marks/entry/[assessmentId]/correct/route.ts","401","405","405","405","405","405","405","405","405"
"api","/api/marks/import","/api/marks/import","POST","PRIVATE","ENTER_MARKS","","SUPER_ADMIN|DIRECTOR|PRINCIPAL|TEACHER","ADMIN|ACCOUNTANT|PARENT|VIEWER","401","403_OR_404","private, no-store","NOINDEX","api/marks/import/route.ts","401","405","405","405","405","405","405","405","405"
"api","/api/marks/import/template","/api/marks/import/template","GET","PRIVATE","ENTER_MARKS","","SUPER_ADMIN|DIRECTOR|PRINCIPAL|TEACHER","ADMIN|ACCOUNTANT|PARENT|VIEWER","401","403_OR_404","private, no-store","NOINDEX","api/marks/import/template/route.ts","401","200","200","200","403","403","200","403","403"
"api","/api/marks/reports","/api/marks/reports","GET","PRIVATE","VIEW_EXAM_REPORTS","","SUPER_ADMIN|DIRECTOR|PRINCIPAL|ADMIN|VIEWER","ACCOUNTANT|TEACHER|PARENT","401","403_OR_404","private, no-store","NOINDEX","api/marks/reports/route.ts","401","200","200","200","200","403","403","403","200"
"api","/api/marks/reports/export","/api/marks/reports/export","GET","PRIVATE","EXPORT_EXAM_REPORTS","","SUPER_ADMIN|DIRECTOR|PRINCIPAL|ADMIN","ACCOUNTANT|TEACHER|PARENT|VIEWER","401","403_OR_404","private, no-store","NOINDEX","api/marks/reports/export/route.ts","401","200","200","200","200","403","403","403","403"
"api","/api/misc-income","/api/misc-income","GET|POST","PRIVATE","VIEW_MISC_INCOME","","SUPER_ADMIN|DIRECTOR|PRINCIPAL|ADMIN|ACCOUNTANT|VIEWER","TEACHER|PARENT","401","403_OR_404","private, no-store","NOINDEX","api/misc-income/route.ts","401","200","200","200","200","200","403","403","200"
"api","/api/misc-income/[id]","/api/misc-income/qasec1qa-object-missing","GET","PRIVATE","VIEW_MISC_INCOME","","SUPER_ADMIN|DIRECTOR|PRINCIPAL|ADMIN|ACCOUNTANT|VIEWER","TEACHER|PARENT","401","403_OR_404","private, no-store","NOINDEX","api/misc-income/[id]/route.ts","401","404","404","404","404","404","403","403","404"
"api","/api/misc-income/[id]/cancel","/api/misc-income/qasec1qa-object-missing/cancel","POST","PRIVATE","CANCEL_MISC_INCOME","","SUPER_ADMIN|DIRECTOR|ADMIN","PRINCIPAL|ACCOUNTANT|TEACHER|PARENT|VIEWER","401","403_OR_404","private, no-store","NOINDEX","api/misc-income/[id]/cancel/route.ts","401","405","405","405","405","405","405","405","405"
"api","/api/misc-income/items","/api/misc-income/items","GET|POST|PATCH","PRIVATE","VIEW_MISC_INCOME","","SUPER_ADMIN|DIRECTOR|PRINCIPAL|ADMIN|ACCOUNTANT|VIEWER","TEACHER|PARENT","401","403_OR_404","private, no-store","NOINDEX","api/misc-income/items/route.ts","401","200","200","200","200","200","403","403","200"
"api","/api/misc-income/rates","/api/misc-income/rates","POST|PATCH","PRIVATE","MANAGE_MISC_INCOME_ITEMS","","SUPER_ADMIN|DIRECTOR|ADMIN|ACCOUNTANT","PRINCIPAL|TEACHER|PARENT|VIEWER","401","403_OR_404","private, no-store","NOINDEX","api/misc-income/rates/route.ts","401","405","405","405","405","405","405","405","405"
"api","/api/misc-income/reports","/api/misc-income/reports","GET","PRIVATE","VIEW_MISC_INCOME_REPORTS","","SUPER_ADMIN|DIRECTOR|PRINCIPAL|ADMIN|ACCOUNTANT|VIEWER","TEACHER|PARENT","401","403_OR_404","private, no-store","NOINDEX","api/misc-income/reports/route.ts","401","200","200","200","200","200","403","403","200"
"api","/api/misc-income/reports/export","/api/misc-income/reports/export","GET","PRIVATE","EXPORT_MISC_INCOME_REPORTS","","SUPER_ADMIN|DIRECTOR|ADMIN|ACCOUNTANT","PRINCIPAL|TEACHER|PARENT|VIEWER","401","403_OR_404","private, no-store","NOINDEX","api/misc-income/reports/export/route.ts","401","200","200","403","200","200","403","403","403"
"api","/api/notices","/api/notices","GET|POST","PRIVATE","VIEW_NOTICES","","SUPER_ADMIN|DIRECTOR|PRINCIPAL|ADMIN|VIEWER","ACCOUNTANT|TEACHER|PARENT","401","403_OR_404","private, no-store","NOINDEX","api/notices/route.ts","401","200","200","200","200","403","403","403","200"
"api","/api/notices/[id]","/api/notices/qasec1qa-object-missing","PATCH","PRIVATE","AUTHENTICATED_OR_SCOPED","","SUPER_ADMIN|DIRECTOR|PRINCIPAL|ADMIN|ACCOUNTANT|TEACHER|PARENT|VIEWER","","401","NOT_APPLICABLE","private, no-store","NOINDEX","api/notices/[id]/route.ts","401","405","405","405","405","405","405","405","405"
"api","/api/notifications/campaigns","/api/notifications/campaigns","GET|POST","PRIVATE","CREATE_NOTIFICATION_CAMPAIGNS","","SUPER_ADMIN|DIRECTOR|PRINCIPAL|ADMIN","ACCOUNTANT|TEACHER|PARENT|VIEWER","401","403_OR_404","private, no-store","NOINDEX","api/notifications/campaigns/route.ts","401","200","200","200","200","403","403","403","403"
"api","/api/notifications/campaigns/[id]","/api/notifications/campaigns/qasec1qa-object-missing","GET|PATCH","PRIVATE","CREATE_NOTIFICATION_CAMPAIGNS","","SUPER_ADMIN|DIRECTOR|PRINCIPAL|ADMIN","ACCOUNTANT|TEACHER|PARENT|VIEWER","401","403_OR_404","private, no-store","NOINDEX","api/notifications/campaigns/[id]/route.ts","401","404","404","404","404","403","403","403","403"
"api","/api/notifications/campaigns/[id]/correction","/api/notifications/campaigns/qasec1qa-object-missing/correction","POST","PRIVATE","CREATE_NOTIFICATION_CAMPAIGNS","","SUPER_ADMIN|DIRECTOR|PRINCIPAL|ADMIN","ACCOUNTANT|TEACHER|PARENT|VIEWER","401","403_OR_404","private, no-store","NOINDEX","api/notifications/campaigns/[id]/correction/route.ts","401","405","405","405","405","405","405","405","405"
"api","/api/notifications/campaigns/[id]/preview","/api/notifications/campaigns/qasec1qa-object-missing/preview","POST","PRIVATE","CREATE_NOTIFICATION_CAMPAIGNS","","SUPER_ADMIN|DIRECTOR|PRINCIPAL|ADMIN","ACCOUNTANT|TEACHER|PARENT|VIEWER","401","403_OR_404","private, no-store","NOINDEX","api/notifications/campaigns/[id]/preview/route.ts","401","405","405","405","405","405","405","405","405"
"api","/api/notifications/campaigns/[id]/workflow","/api/notifications/campaigns/qasec1qa-object-missing/workflow","POST","PRIVATE","CREATE_NOTIFICATION_CAMPAIGNS","","SUPER_ADMIN|DIRECTOR|PRINCIPAL|ADMIN","ACCOUNTANT|TEACHER|PARENT|VIEWER","401","403_OR_404","private, no-store","NOINDEX","api/notifications/campaigns/[id]/workflow/route.ts","401","405","405","405","405","405","405","405","405"
"api","/api/notifications/own","/api/notifications/own","GET","PRIVATE","VIEW_OWN_NOTIFICATIONS","","SUPER_ADMIN|DIRECTOR|PRINCIPAL|ADMIN|ACCOUNTANT|TEACHER|PARENT|VIEWER","","401","NOT_APPLICABLE","private, no-store","NOINDEX","api/notifications/own/route.ts","401","200","200","200","200","200","200","200","200"
"api","/api/notifications/own/[campaignNumber]","/api/notifications/own/qasec1qa-campaignnumber-missing","GET","PRIVATE","VIEW_OWN_NOTIFICATIONS","","SUPER_ADMIN|DIRECTOR|PRINCIPAL|ADMIN|ACCOUNTANT|TEACHER|PARENT|VIEWER","","401","NOT_APPLICABLE","private, no-store","NOINDEX","api/notifications/own/[campaignNumber]/route.ts","401","404","404","404","404","404","404","404","404"
"api","/api/notifications/own/[campaignNumber]/action","/api/notifications/own/qasec1qa-campaignnumber-missing/action","POST","PRIVATE","AUTHENTICATED_OR_SCOPED","","SUPER_ADMIN|DIRECTOR|PRINCIPAL|ADMIN|ACCOUNTANT|TEACHER|PARENT|VIEWER","","401","NOT_APPLICABLE","private, no-store","NOINDEX","api/notifications/own/[campaignNumber]/action/route.ts","401","405","405","405","405","405","405","405","405"
"api","/api/notifications/own/unread-count","/api/notifications/own/unread-count","GET","PRIVATE","VIEW_OWN_NOTIFICATIONS","","SUPER_ADMIN|DIRECTOR|PRINCIPAL|ADMIN|ACCOUNTANT|TEACHER|PARENT|VIEWER","","401","NOT_APPLICABLE","private, no-store","NOINDEX","api/notifications/own/unread-count/route.ts","401","200","200","200","200","200","200","200","200"
"api","/api/notifications/reports","/api/notifications/reports","GET","PRIVATE","VIEW_NOTIFICATION_REPORTS","","SUPER_ADMIN|DIRECTOR|PRINCIPAL|ADMIN|VIEWER","ACCOUNTANT|TEACHER|PARENT","401","403_OR_404","private, no-store","NOINDEX","api/notifications/reports/route.ts","401","200","200","200","200","403","403","403","200"
"api","/api/notifications/reports/export","/api/notifications/reports/export","GET","PRIVATE","EXPORT_NOTIFICATION_REPORTS","","SUPER_ADMIN|DIRECTOR|PRINCIPAL|ADMIN","ACCOUNTANT|TEACHER|PARENT|VIEWER","401","403_OR_404","private, no-store","NOINDEX","api/notifications/reports/export/route.ts","401","200","200","200","200","403","403","403","403"
"api","/api/notifications/templates","/api/notifications/templates","GET|POST","PRIVATE","MANAGE_NOTIFICATION_TEMPLATES","","SUPER_ADMIN|DIRECTOR|PRINCIPAL|ADMIN","ACCOUNTANT|TEACHER|PARENT|VIEWER","401","403_OR_404","private, no-store","NOINDEX","api/notifications/templates/route.ts","401","200","200","200","200","403","403","403","403"
"api","/api/notifications/templates/[id]","/api/notifications/templates/qasec1qa-object-missing","PATCH","PRIVATE","MANAGE_NOTIFICATION_TEMPLATES","","SUPER_ADMIN|DIRECTOR|PRINCIPAL|ADMIN","ACCOUNTANT|TEACHER|PARENT|VIEWER","401","403_OR_404","private, no-store","NOINDEX","api/notifications/templates/[id]/route.ts","401","405","405","405","405","405","405","405","405"
"api","/api/parent/certificates","/api/parent/certificates","GET|POST","PRIVATE","VIEW_OWN_CHILD_CERTIFICATES","PARENT","PARENT","SUPER_ADMIN|DIRECTOR|PRINCIPAL|ADMIN|ACCOUNTANT|TEACHER|VIEWER","401","403_OR_404","private, no-store","NOINDEX","api/parent/certificates/route.ts","401","200","200","403","403","403","403","200","403"
"api","/api/parent/class-x-documents","/api/parent/class-x-documents","GET|POST","PRIVATE","AUTHENTICATED_OR_SCOPED","PARENT","PARENT","SUPER_ADMIN|DIRECTOR|PRINCIPAL|ADMIN|ACCOUNTANT|TEACHER|VIEWER","401","403_OR_404","private, no-store","NOINDEX","api/parent/class-x-documents/route.ts","401","403","403","403","403","403","403","200","403"
"api","/api/parent/communication-preferences","/api/parent/communication-preferences","GET|POST","PRIVATE","MANAGE_OWN_WHATSAPP_CONSENT","PARENT","PARENT","SUPER_ADMIN|DIRECTOR|PRINCIPAL|ADMIN|ACCOUNTANT|TEACHER|VIEWER","401","403_OR_404","private, no-store","NOINDEX","api/parent/communication-preferences/route.ts","401","403","403","403","403","403","403","200","403"
"api","/api/parent/dashboard","/api/parent/dashboard","GET","PRIVATE","AUTHENTICATED_OR_SCOPED","PARENT","PARENT","SUPER_ADMIN|DIRECTOR|PRINCIPAL|ADMIN|ACCOUNTANT|TEACHER|VIEWER","401","403_OR_404","private, no-store","NOINDEX","api/parent/dashboard/route.ts","401","403","403","403","403","403","403","200","403"
"api","/api/parent/homework","/api/parent/homework","GET","PRIVATE","VIEW_OWN_HOMEWORK_PORTAL","PARENT","PARENT","SUPER_ADMIN|DIRECTOR|PRINCIPAL|ADMIN|ACCOUNTANT|TEACHER|VIEWER","401","403_OR_404","private, no-store","NOINDEX","api/parent/homework/route.ts","401","403","403","403","403","403","403","200","403"
"api","/api/parent/homework/[id]","/api/parent/homework/qasec1qa-object-missing","GET","PRIVATE","VIEW_OWN_HOMEWORK_PORTAL","PARENT","PARENT","SUPER_ADMIN|DIRECTOR|PRINCIPAL|ADMIN|ACCOUNTANT|TEACHER|VIEWER","401","403_OR_404","private, no-store","NOINDEX","api/parent/homework/[id]/route.ts","401","403","403","403","403","403","403","404","403"
"api","/api/parent/id-cards","/api/parent/id-cards","GET","PRIVATE","VIEW_OWN_STUDENT_ID_CARDS","PARENT","PARENT","SUPER_ADMIN|DIRECTOR|PRINCIPAL|ADMIN|ACCOUNTANT|TEACHER|VIEWER","401","403_OR_404","private, no-store","NOINDEX","api/parent/id-cards/route.ts","401","200","200","403","403","403","403","200","403"
"api","/api/parent/library","/api/parent/library","GET","PRIVATE","VIEW_OWN_LIBRARY_PORTAL","PARENT","PARENT","SUPER_ADMIN|DIRECTOR|PRINCIPAL|ADMIN|ACCOUNTANT|TEACHER|VIEWER","401","403_OR_404","private, no-store","NOINDEX","api/parent/library/route.ts","401","403","403","403","403","403","403","200","403"
"api","/api/parent/notifications","/api/parent/notifications","GET","PRIVATE","VIEW_OWN_NOTIFICATIONS","PARENT","PARENT","SUPER_ADMIN|DIRECTOR|PRINCIPAL|ADMIN|ACCOUNTANT|TEACHER|VIEWER","401","403_OR_404","private, no-store","NOINDEX","api/parent/notifications/route.ts","401","403","403","403","403","403","403","200","403"
"api","/api/parent/notifications/[campaignNumber]","/api/parent/notifications/qasec1qa-campaignnumber-missing","GET","PRIVATE","VIEW_OWN_NOTIFICATIONS","PARENT","PARENT","SUPER_ADMIN|DIRECTOR|PRINCIPAL|ADMIN|ACCOUNTANT|TEACHER|VIEWER","401","403_OR_404","private, no-store","NOINDEX","api/parent/notifications/[campaignNumber]/route.ts","401","403","403","403","403","403","403","404","403"
"api","/api/parent/results","/api/parent/results","GET","PRIVATE","VIEW_OWN_REPORT_CARDS","PARENT","PARENT","SUPER_ADMIN|DIRECTOR|PRINCIPAL|ADMIN|ACCOUNTANT|TEACHER|VIEWER","401","403_OR_404","private, no-store","NOINDEX","api/parent/results/route.ts","401","403","403","403","403","403","403","200","403"
"api","/api/payments","/api/payments","GET|POST","PRIVATE","VIEW_PAYMENTS","","SUPER_ADMIN|DIRECTOR|ADMIN|ACCOUNTANT","PRINCIPAL|TEACHER|PARENT|VIEWER","401","403_OR_404","private, no-store","NOINDEX","api/payments/route.ts","401","200","200","403","200","200","403","403","403"
"api","/api/payments/[id]","/api/payments/qasec1qa-object-missing","PUT|DELETE","PRIVATE","EDIT_PAYMENTS","","SUPER_ADMIN|DIRECTOR|ACCOUNTANT","PRINCIPAL|ADMIN|TEACHER|PARENT|VIEWER","401","403_OR_404","private, no-store","NOINDEX","api/payments/[id]/route.ts","401","405","405","405","405","405","405","405","405"
"api","/api/payments/[id]/restore","/api/payments/qasec1qa-object-missing/restore","POST","PRIVATE","RESTORE_PAYMENTS","","SUPER_ADMIN|DIRECTOR","PRINCIPAL|ADMIN|ACCOUNTANT|TEACHER|PARENT|VIEWER","401","403_OR_404","private, no-store","NOINDEX","api/payments/[id]/restore/route.ts","401","405","405","405","405","405","405","405","405"
"api","/api/pending-dues","/api/pending-dues","GET","PRIVATE","VIEW_PENDING_DUES","","SUPER_ADMIN|DIRECTOR|PRINCIPAL|ADMIN|ACCOUNTANT|VIEWER","TEACHER|PARENT","401","403_OR_404","private, no-store","NOINDEX","api/pending-dues/route.ts","401","200","200","200","200","200","403","403","200"
"api","/api/pilot-acceptance/reconciliation","/api/pilot-acceptance/reconciliation","GET","PRIVATE","RUN_PILOT_ACCEPTANCE","","SUPER_ADMIN|DIRECTOR|ADMIN","PRINCIPAL|ACCOUNTANT|TEACHER|PARENT|VIEWER","401","403_OR_404","private, no-store","NOINDEX","api/pilot-acceptance/reconciliation/route.ts","401","400","400","403","400","403","403","403","403"
"api","/api/receipt-audit","/api/receipt-audit","GET|POST","PRIVATE","VIEW_RECEIPT_AUDIT","","SUPER_ADMIN|DIRECTOR|ADMIN|ACCOUNTANT","PRINCIPAL|TEACHER|PARENT|VIEWER","401","403_OR_404","private, no-store","NOINDEX","api/receipt-audit/route.ts","401","200","200","403","200","200","403","403","403"
"api","/api/report-cards/[id]","/api/report-cards/qasec1qa-object-missing","GET|PUT","PRIVATE","VIEW_REPORT_CARDS","","SUPER_ADMIN|DIRECTOR|PRINCIPAL|ADMIN|TEACHER","ACCOUNTANT|PARENT|VIEWER","401","403_OR_404","private, no-store","NOINDEX","api/report-cards/[id]/route.ts","401","404","404","404","404","403","404","403","403"
"api","/api/report-cards/[id]/correct","/api/report-cards/qasec1qa-object-missing/correct","POST","PRIVATE","CORRECT_ISSUED_REPORT_CARDS","","SUPER_ADMIN|DIRECTOR","PRINCIPAL|ADMIN|ACCOUNTANT|TEACHER|PARENT|VIEWER","401","403_OR_404","private, no-store","NOINDEX","api/report-cards/[id]/correct/route.ts","401","405","405","405","405","405","405","405","405"
"api","/api/report-cards/[id]/kg-entry","/api/report-cards/qasec1qa-object-missing/kg-entry","","PRIVATE","AUTHENTICATED_OR_SCOPED","","SUPER_ADMIN|DIRECTOR|PRINCIPAL|ADMIN|ACCOUNTANT|TEACHER|PARENT|VIEWER","","401","NOT_APPLICABLE","private, no-store","NOINDEX","api/report-cards/[id]/kg-entry/route.ts","401","405","405","405","405","405","405","405","405"
"api","/api/report-cards/[id]/print","/api/report-cards/qasec1qa-object-missing/print","GET","PRIVATE","VIEW_REPORT_CARDS","","SUPER_ADMIN|DIRECTOR|PRINCIPAL|ADMIN|TEACHER","ACCOUNTANT|PARENT|VIEWER","401","403_OR_404","private, no-store","NOINDEX","api/report-cards/[id]/print/route.ts","401","404","404","404","404","403","404","403","403"
"api","/api/report-cards/[id]/versions/[version]","/api/report-cards/qasec1qa-object-missing/versions/1","GET","PRIVATE","VIEW_REPORT_CARDS","","SUPER_ADMIN|DIRECTOR|PRINCIPAL|ADMIN|TEACHER","ACCOUNTANT|PARENT|VIEWER","401","403_OR_404","private, no-store","NOINDEX","api/report-cards/[id]/versions/[version]/route.ts","401","404","404","404","404","403","404","403","403"
"api","/api/report-cards/[id]/workflow","/api/report-cards/qasec1qa-object-missing/workflow","POST","PRIVATE","SUBMIT_REPORT_CARDS","","SUPER_ADMIN|DIRECTOR|PRINCIPAL|ADMIN|TEACHER","ACCOUNTANT|PARENT|VIEWER","401","403_OR_404","private, no-store","NOINDEX","api/report-cards/[id]/workflow/route.ts","401","405","405","405","405","405","405","405","405"
"api","/api/report-cards/batches","/api/report-cards/batches","GET|POST","PRIVATE","VIEW_REPORT_CARDS","","SUPER_ADMIN|DIRECTOR|PRINCIPAL|ADMIN|TEACHER","ACCOUNTANT|PARENT|VIEWER","401","403_OR_404","private, no-store","NOINDEX","api/report-cards/batches/route.ts","401","200","200","200","200","403","200","403","403"
"api","/api/report-cards/batches/[id]","/api/report-cards/batches/qasec1qa-object-missing","GET","PRIVATE","VIEW_REPORT_CARDS","","SUPER_ADMIN|DIRECTOR|PRINCIPAL|ADMIN|TEACHER","ACCOUNTANT|PARENT|VIEWER","401","403_OR_404","private, no-store","NOINDEX","api/report-cards/batches/[id]/route.ts","401","404","404","404","404","403","404","403","403"
"api","/api/report-cards/batches/[id]/workflow","/api/report-cards/batches/qasec1qa-object-missing/workflow","POST","PRIVATE","AUTHENTICATED_OR_SCOPED","","SUPER_ADMIN|DIRECTOR|PRINCIPAL|ADMIN|ACCOUNTANT|TEACHER|PARENT|VIEWER","","401","NOT_APPLICABLE","private, no-store","NOINDEX","api/report-cards/batches/[id]/workflow/route.ts","401","405","405","405","405","405","405","405","405"
"api","/api/report-cards/batches/preview","/api/report-cards/batches/preview","POST","PRIVATE","MANAGE_REPORT_CARD_BATCHES","","SUPER_ADMIN|DIRECTOR|PRINCIPAL|ADMIN","ACCOUNTANT|TEACHER|PARENT|VIEWER","401","403_OR_404","private, no-store","NOINDEX","api/report-cards/batches/preview/route.ts","401","405","405","405","405","405","405","405","405"
"api","/api/report-cards/grading-schemes","/api/report-cards/grading-schemes","GET|POST","PRIVATE","MANAGE_REPORT_CARD_TEMPLATES","","SUPER_ADMIN|DIRECTOR|ADMIN","PRINCIPAL|ACCOUNTANT|TEACHER|PARENT|VIEWER","401","403_OR_404","private, no-store","NOINDEX","api/report-cards/grading-schemes/route.ts","401","200","200","403","200","403","403","403","403"
"api","/api/report-cards/reports","/api/report-cards/reports","GET","PRIVATE","VIEW_REPORT_CARD_REPORTS","","SUPER_ADMIN|DIRECTOR|PRINCIPAL|ADMIN|VIEWER","ACCOUNTANT|TEACHER|PARENT","401","403_OR_404","private, no-store","NOINDEX","api/report-cards/reports/route.ts","401","200","200","200","200","403","403","403","200"
"api","/api/report-cards/reports/export","/api/report-cards/reports/export","GET","PRIVATE","EXPORT_REPORT_CARD_REPORTS","","SUPER_ADMIN|DIRECTOR|PRINCIPAL|ADMIN","ACCOUNTANT|TEACHER|PARENT|VIEWER","401","403_OR_404","private, no-store","NOINDEX","api/report-cards/reports/export/route.ts","401","200","200","200","200","403","403","403","403"
"api","/api/report-cards/templates","/api/report-cards/templates","GET|POST","PRIVATE","MANAGE_REPORT_CARD_TEMPLATES","","SUPER_ADMIN|DIRECTOR|ADMIN","PRINCIPAL|ACCOUNTANT|TEACHER|PARENT|VIEWER","401","403_OR_404","private, no-store","NOINDEX","api/report-cards/templates/route.ts","401","200","200","403","200","403","403","403","403"
"api","/api/report-cards/templates/[id]/workflow","/api/report-cards/templates/qasec1qa-object-missing/workflow","POST","PRIVATE","MANAGE_REPORT_CARD_TEMPLATES","","SUPER_ADMIN|DIRECTOR|ADMIN","PRINCIPAL|ACCOUNTANT|TEACHER|PARENT|VIEWER","401","403_OR_404","private, no-store","NOINDEX","api/report-cards/templates/[id]/workflow/route.ts","401","405","405","405","405","405","405","405","405"
"api","/api/reports/collection","/api/reports/collection","GET","PRIVATE","VIEW_DAILY_COLLECTION","","SUPER_ADMIN|DIRECTOR|PRINCIPAL|ADMIN|ACCOUNTANT|VIEWER","TEACHER|PARENT","401","403_OR_404","private, no-store","NOINDEX","api/reports/collection/route.ts","401","200","200","200","200","200","403","403","200"
"api","/api/restore","/api/restore","POST","PRIVATE","RUN_RESTORE","","SUPER_ADMIN|DIRECTOR","PRINCIPAL|ADMIN|ACCOUNTANT|TEACHER|PARENT|VIEWER","401","403_OR_404","private, no-store","NOINDEX","api/restore/route.ts","401","405","405","405","405","405","405","405","405"
"api","/api/roles/permissions","/api/roles/permissions","GET|POST","PRIVATE","MANAGE_ROLE_PERMISSIONS","","SUPER_ADMIN","DIRECTOR|PRINCIPAL|ADMIN|ACCOUNTANT|TEACHER|PARENT|VIEWER","401","403_OR_404","private, no-store","NOINDEX","api/roles/permissions/route.ts","401","200","403","403","403","403","403","403","403"
"api","/api/roles/permissions/reset","/api/roles/permissions/reset","POST","PRIVATE","MANAGE_ROLE_PERMISSIONS","","SUPER_ADMIN","DIRECTOR|PRINCIPAL|ADMIN|ACCOUNTANT|TEACHER|PARENT|VIEWER","401","403_OR_404","private, no-store","NOINDEX","api/roles/permissions/reset/route.ts","401","405","405","405","405","405","405","405","405"
"api","/api/school-settings","/api/school-settings","GET|PUT","PRIVATE","MANAGE_SCHOOL_SETTINGS","","SUPER_ADMIN|DIRECTOR|ADMIN","PRINCIPAL|ACCOUNTANT|TEACHER|PARENT|VIEWER","401","403_OR_404","private, no-store","NOINDEX","api/school-settings/route.ts","401","200","200","403","200","403","403","403","403"
"api","/api/setup","/api/setup","POST","PUBLIC","PUBLIC","","SUPER_ADMIN|DIRECTOR|PRINCIPAL|ADMIN|ACCOUNTANT|TEACHER|PARENT|VIEWER","","PUBLIC_HANDLER_STATUS","NOT_APPLICABLE","private, no-store","NOINDEX","api/setup/route.ts","405","405","405","405","405","405","405","405","405"
"api","/api/sms-email/batches","/api/sms-email/batches","GET|POST","PRIVATE","VIEW_SMS_EMAIL_CENTRE","","SUPER_ADMIN|DIRECTOR|PRINCIPAL|ADMIN|VIEWER","ACCOUNTANT|TEACHER|PARENT","401","403_OR_404","private, no-store","NOINDEX","api/sms-email/batches/route.ts","401","200","200","200","200","403","403","403","200"
"api","/api/sms-email/batches/[id]","/api/sms-email/batches/qasec1qa-object-missing","GET","PRIVATE","VIEW_SMS_EMAIL_DELIVERIES","","SUPER_ADMIN|DIRECTOR|PRINCIPAL","ADMIN|ACCOUNTANT|TEACHER|PARENT|VIEWER","401","403_OR_404","private, no-store","NOINDEX","api/sms-email/batches/[id]/route.ts","401","404","404","404","403","403","403","403","403"
"api","/api/sms-email/batches/[id]/preview","/api/sms-email/batches/qasec1qa-object-missing/preview","POST","PRIVATE","CREATE_SMS_EMAIL_BATCHES","","SUPER_ADMIN|DIRECTOR|PRINCIPAL|ADMIN","ACCOUNTANT|TEACHER|PARENT|VIEWER","401","403_OR_404","private, no-store","NOINDEX","api/sms-email/batches/[id]/preview/route.ts","401","405","405","405","405","405","405","405","405"
"api","/api/sms-email/batches/[id]/workflow","/api/sms-email/batches/qasec1qa-object-missing/workflow","POST","PRIVATE","AUTHENTICATED_OR_SCOPED","","SUPER_ADMIN|DIRECTOR|PRINCIPAL|ADMIN|ACCOUNTANT|TEACHER|PARENT|VIEWER","","401","NOT_APPLICABLE","private, no-store","NOINDEX","api/sms-email/batches/[id]/workflow/route.ts","401","405","405","405","405","405","405","405","405"
"api","/api/sms-email/consents","/api/sms-email/consents","GET|POST","PRIVATE","MANAGE_SMS_EMAIL_CONSENTS","","SUPER_ADMIN|DIRECTOR|ADMIN","PRINCIPAL|ACCOUNTANT|TEACHER|PARENT|VIEWER","401","403_OR_404","private, no-store","NOINDEX","api/sms-email/consents/route.ts","401","200","200","403","200","403","403","403","403"
"api","/api/sms-email/process","/api/sms-email/process","POST","PRIVATE","PROCESS_SMS_EMAIL_QUEUE","","SUPER_ADMIN|DIRECTOR|ADMIN","PRINCIPAL|ACCOUNTANT|TEACHER|PARENT|VIEWER","401","403_OR_404","private, no-store","NOINDEX","api/sms-email/process/route.ts","401","405","405","405","405","405","405","405","405"
"api","/api/sms-email/profiles","/api/sms-email/profiles","GET|POST","PRIVATE","VIEW_SMS_EMAIL_CENTRE","","SUPER_ADMIN|DIRECTOR|PRINCIPAL|ADMIN|VIEWER","ACCOUNTANT|TEACHER|PARENT","401","403_OR_404","private, no-store","NOINDEX","api/sms-email/profiles/route.ts","401","200","200","200","200","403","403","403","200"
"api","/api/sms-email/profiles/[id]/health","/api/sms-email/profiles/qasec1qa-object-missing/health","POST","PRIVATE","MANAGE_SMS_EMAIL_INTEGRATIONS","","SUPER_ADMIN|DIRECTOR|ADMIN","PRINCIPAL|ACCOUNTANT|TEACHER|PARENT|VIEWER","401","403_OR_404","private, no-store","NOINDEX","api/sms-email/profiles/[id]/health/route.ts","401","405","405","405","405","405","405","405","405"
"api","/api/sms-email/profiles/[id]/workflow","/api/sms-email/profiles/qasec1qa-object-missing/workflow","POST","PRIVATE","MANAGE_SMS_EMAIL_INTEGRATIONS","","SUPER_ADMIN|DIRECTOR|ADMIN","PRINCIPAL|ACCOUNTANT|TEACHER|PARENT|VIEWER","401","403_OR_404","private, no-store","NOINDEX","api/sms-email/profiles/[id]/workflow/route.ts","401","405","405","405","405","405","405","405","405"
"api","/api/sms-email/reports","/api/sms-email/reports","GET","PRIVATE","VIEW_SMS_EMAIL_REPORTS","","SUPER_ADMIN|DIRECTOR|PRINCIPAL|ADMIN|VIEWER","ACCOUNTANT|TEACHER|PARENT","401","403_OR_404","private, no-store","NOINDEX","api/sms-email/reports/route.ts","401","200","200","200","200","403","403","403","200"
"api","/api/sms-email/reports/export","/api/sms-email/reports/export","GET","PRIVATE","EXPORT_SMS_EMAIL_REPORTS","","SUPER_ADMIN|DIRECTOR|PRINCIPAL|ADMIN","ACCOUNTANT|TEACHER|PARENT|VIEWER","401","403_OR_404","private, no-store","NOINDEX","api/sms-email/reports/export/route.ts","401","200","200","200","200","403","403","403","403"
"api","/api/sms-email/suppressions/[id]/clear","/api/sms-email/suppressions/qasec1qa-object-missing/clear","POST","PRIVATE","MANAGE_SMS_EMAIL_CONSENTS","","SUPER_ADMIN|DIRECTOR|ADMIN","PRINCIPAL|ACCOUNTANT|TEACHER|PARENT|VIEWER","401","403_OR_404","private, no-store","NOINDEX","api/sms-email/suppressions/[id]/clear/route.ts","401","405","405","405","405","405","405","405","405"
"api","/api/sms-email/templates","/api/sms-email/templates","GET|POST","PRIVATE","VIEW_SMS_EMAIL_CENTRE","","SUPER_ADMIN|DIRECTOR|PRINCIPAL|ADMIN|VIEWER","ACCOUNTANT|TEACHER|PARENT","401","403_OR_404","private, no-store","NOINDEX","api/sms-email/templates/route.ts","401","200","200","200","200","403","403","403","200"
"api","/api/sms-email/templates/[id]/workflow","/api/sms-email/templates/qasec1qa-object-missing/workflow","POST","PRIVATE","MANAGE_SMS_EMAIL_TEMPLATES","","SUPER_ADMIN|DIRECTOR|ADMIN","PRINCIPAL|ACCOUNTANT|TEACHER|PARENT|VIEWER","401","403_OR_404","private, no-store","NOINDEX","api/sms-email/templates/[id]/workflow/route.ts","401","405","405","405","405","405","405","405","405"
"api","/api/sms-email/webhook/[profileCode]","/api/sms-email/webhook/QASEC1QA","POST","PUBLIC","PUBLIC","","SUPER_ADMIN|DIRECTOR|PRINCIPAL|ADMIN|ACCOUNTANT|TEACHER|PARENT|VIEWER","","PUBLIC_HANDLER_STATUS","NOT_APPLICABLE","private, no-store","NOINDEX","api/sms-email/webhook/[profileCode]/route.ts","405","405","405","405","405","405","405","405","405"
"api","/api/staff","/api/staff","GET|POST","PRIVATE","VIEW_STAFF","","SUPER_ADMIN|DIRECTOR|PRINCIPAL|ADMIN|VIEWER","ACCOUNTANT|TEACHER|PARENT","401","403_OR_404","private, no-store","NOINDEX","api/staff/route.ts","401","200","200","200","200","403","403","403","200"
"api","/api/staff/[id]","/api/staff/qasec1qa-object-missing","PUT","PRIVATE","MANAGE_STAFF","","SUPER_ADMIN|DIRECTOR|PRINCIPAL|ADMIN","ACCOUNTANT|TEACHER|PARENT|VIEWER","401","403_OR_404","private, no-store","NOINDEX","api/staff/[id]/route.ts","401","405","405","405","405","405","405","405","405"
"api","/api/staff/[id]/links","/api/staff/qasec1qa-object-missing/links","POST","PRIVATE","MANAGE_STAFF","","SUPER_ADMIN|DIRECTOR|PRINCIPAL|ADMIN","ACCOUNTANT|TEACHER|PARENT|VIEWER","401","403_OR_404","private, no-store","NOINDEX","api/staff/[id]/links/route.ts","401","405","405","405","405","405","405","405","405"
"api","/api/students","/api/students","GET|POST","PRIVATE","VIEW_STUDENTS","","SUPER_ADMIN|DIRECTOR|PRINCIPAL|ADMIN|ACCOUNTANT","TEACHER|PARENT|VIEWER","401","403_OR_404","private, no-store","NOINDEX","api/students/route.ts","401","200","200","200","200","200","403","403","403"
"api","/api/students/[id]","/api/students/qasec1qa-object-missing","GET|PUT|DELETE","PRIVATE","VIEW_STUDENTS","","SUPER_ADMIN|DIRECTOR|PRINCIPAL|ADMIN|ACCOUNTANT","TEACHER|PARENT|VIEWER","401","403_OR_404","private, no-store","NOINDEX","api/students/[id]/route.ts","401","404","404","404","404","404","403","403","403"
"api","/api/students/[id]/lifecycle","/api/students/qasec1qa-object-missing/lifecycle","GET","PRIVATE","VIEW_STUDENT_LIFECYCLE","","SUPER_ADMIN|DIRECTOR|PRINCIPAL|ADMIN|VIEWER","ACCOUNTANT|TEACHER|PARENT","401","403_OR_404","private, no-store","NOINDEX","api/students/[id]/lifecycle/route.ts","401","404","404","404","404","403","403","403","404"
"api","/api/students/by-admission/[admissionNo]","/api/students/by-admission/QASEC1QA-STUDENT-001","GET","PRIVATE","VIEW_STUDENTS","","SUPER_ADMIN|DIRECTOR|PRINCIPAL|ADMIN|ACCOUNTANT","TEACHER|PARENT|VIEWER","401","403_OR_404","private, no-store","NOINDEX","api/students/by-admission/[admissionNo]/route.ts","401","200","200","200","200","200","403","403","403"
"api","/api/students/lifecycle","/api/students/lifecycle","GET","PRIVATE","VIEW_STUDENT_LIFECYCLE","","SUPER_ADMIN|DIRECTOR|PRINCIPAL|ADMIN|VIEWER","ACCOUNTANT|TEACHER|PARENT","401","403_OR_404","private, no-store","NOINDEX","api/students/lifecycle/route.ts","401","200","200","200","200","403","403","403","200"
"api","/api/students/progression","/api/students/progression","GET|POST","PRIVATE","VIEW_STUDENT_PROGRESSION","","SUPER_ADMIN|DIRECTOR|PRINCIPAL|ADMIN|VIEWER","ACCOUNTANT|TEACHER|PARENT","401","403_OR_404","private, no-store","NOINDEX","api/students/progression/route.ts","401","200","200","200","200","403","403","403","200"
"api","/api/students/progression/[id]","/api/students/progression/qasec1qa-object-missing","GET|PATCH","PRIVATE","VIEW_STUDENT_PROGRESSION","","SUPER_ADMIN|DIRECTOR|PRINCIPAL|ADMIN|VIEWER","ACCOUNTANT|TEACHER|PARENT","401","403_OR_404","private, no-store","NOINDEX","api/students/progression/[id]/route.ts","401","404","404","404","404","403","403","403","404"
"api","/api/substitutes","/api/substitutes","GET|POST","PRIVATE","VIEW_SUBSTITUTES","","SUPER_ADMIN|DIRECTOR|PRINCIPAL|ADMIN|TEACHER","ACCOUNTANT|PARENT|VIEWER","401","403_OR_404","private, no-store","NOINDEX","api/substitutes/route.ts","401","200","200","200","200","403","200","403","403"
"api","/api/substitutes/[id]","/api/substitutes/qasec1qa-object-missing","GET|PATCH","PRIVATE","VIEW_SUBSTITUTES","","SUPER_ADMIN|DIRECTOR|PRINCIPAL|ADMIN|TEACHER","ACCOUNTANT|PARENT|VIEWER","401","403_OR_404","private, no-store","NOINDEX","api/substitutes/[id]/route.ts","401","404","404","404","404","403","404","403","403"
"api","/api/substitutes/reports/export","/api/substitutes/reports/export","GET","PRIVATE","VIEW_SUBSTITUTE_REPORTS","","SUPER_ADMIN|DIRECTOR|PRINCIPAL|ADMIN|VIEWER","ACCOUNTANT|TEACHER|PARENT","401","403_OR_404","private, no-store","NOINDEX","api/substitutes/reports/export/route.ts","401","200","200","200","200","403","403","403","200"
"api","/api/substitutes/suggestions","/api/substitutes/suggestions","GET","PRIVATE","ASSIGN_SUBSTITUTES","","SUPER_ADMIN|DIRECTOR|PRINCIPAL|ADMIN","ACCOUNTANT|TEACHER|PARENT|VIEWER","401","403_OR_404","private, no-store","NOINDEX","api/substitutes/suggestions/route.ts","401","400","400","400","400","403","403","403","403"
"api","/api/teacher-analytics/cycles","/api/teacher-analytics/cycles","GET|POST","PRIVATE","VIEW_TEACHER_ANALYTICS","","SUPER_ADMIN|DIRECTOR|PRINCIPAL","ADMIN|ACCOUNTANT|TEACHER|PARENT|VIEWER","401","403_OR_404","private, no-store","NOINDEX","api/teacher-analytics/cycles/route.ts","401","200","200","200","403","403","403","403","403"
"api","/api/teacher-analytics/cycles/[id]","/api/teacher-analytics/cycles/qasec1qa-object-missing","GET","PRIVATE","VIEW_TEACHER_ANALYTICS","","SUPER_ADMIN|DIRECTOR|PRINCIPAL","ADMIN|ACCOUNTANT|TEACHER|PARENT|VIEWER","401","403_OR_404","private, no-store","NOINDEX","api/teacher-analytics/cycles/[id]/route.ts","401","404","404","404","403","403","403","403","403"
"api","/api/teacher-analytics/cycles/[id]/snapshots","/api/teacher-analytics/cycles/qasec1qa-object-missing/snapshots","POST","PRIVATE","GENERATE_TEACHER_ANALYTICS_SNAPSHOTS","","SUPER_ADMIN|DIRECTOR|PRINCIPAL","ADMIN|ACCOUNTANT|TEACHER|PARENT|VIEWER","401","403_OR_404","private, no-store","NOINDEX","api/teacher-analytics/cycles/[id]/snapshots/route.ts","401","405","405","405","405","405","405","405","405"
"api","/api/teacher-analytics/cycles/[id]/workflow","/api/teacher-analytics/cycles/qasec1qa-object-missing/workflow","POST","PRIVATE","AUTHENTICATED_OR_SCOPED","","SUPER_ADMIN|DIRECTOR|PRINCIPAL|ADMIN|ACCOUNTANT|TEACHER|PARENT|VIEWER","","401","NOT_APPLICABLE","private, no-store","NOINDEX","api/teacher-analytics/cycles/[id]/workflow/route.ts","401","405","405","405","405","405","405","405","405"
"api","/api/teacher-analytics/readiness","/api/teacher-analytics/readiness","GET","PRIVATE","VIEW_TEACHER_ANALYTICS","","SUPER_ADMIN|DIRECTOR|PRINCIPAL","ADMIN|ACCOUNTANT|TEACHER|PARENT|VIEWER","401","403_OR_404","private, no-store","NOINDEX","api/teacher-analytics/readiness/route.ts","401","200","200","200","403","403","403","403","403"
"api","/api/teacher-analytics/reports","/api/teacher-analytics/reports","GET","PRIVATE","VIEW_TEACHER_ANALYTICS_REPORTS","","SUPER_ADMIN|DIRECTOR|PRINCIPAL|VIEWER","ADMIN|ACCOUNTANT|TEACHER|PARENT","401","403_OR_404","private, no-store","NOINDEX","api/teacher-analytics/reports/route.ts","401","200","200","200","403","403","403","403","200"
"api","/api/teacher-analytics/reports/export","/api/teacher-analytics/reports/export","GET","PRIVATE","EXPORT_TEACHER_ANALYTICS_REPORTS","","SUPER_ADMIN|DIRECTOR|PRINCIPAL","ADMIN|ACCOUNTANT|TEACHER|PARENT|VIEWER","401","403_OR_404","private, no-store","NOINDEX","api/teacher-analytics/reports/export/route.ts","401","200","200","200","403","403","403","403","403"
"api","/api/teacher-analytics/snapshots/[snapshotId]","/api/teacher-analytics/snapshots/qasec1qa-snapshotid-missing","GET","PRIVATE","VIEW_TEACHER_ANALYTICS","","SUPER_ADMIN|DIRECTOR|PRINCIPAL","ADMIN|ACCOUNTANT|TEACHER|PARENT|VIEWER","401","403_OR_404","private, no-store","NOINDEX","api/teacher-analytics/snapshots/[snapshotId]/route.ts","401","404","404","404","403","403","403","403","403"
"api","/api/teacher-analytics/snapshots/[snapshotId]/regenerate","/api/teacher-analytics/snapshots/qasec1qa-snapshotid-missing/regenerate","POST","PRIVATE","GENERATE_TEACHER_ANALYTICS_SNAPSHOTS","","SUPER_ADMIN|DIRECTOR|PRINCIPAL","ADMIN|ACCOUNTANT|TEACHER|PARENT|VIEWER","401","403_OR_404","private, no-store","NOINDEX","api/teacher-analytics/snapshots/[snapshotId]/regenerate/route.ts","401","405","405","405","405","405","405","405","405"
"api","/api/teacher-analytics/snapshots/[snapshotId]/review","/api/teacher-analytics/snapshots/qasec1qa-snapshotid-missing/review","POST","PRIVATE","AUTHENTICATED_OR_SCOPED","","SUPER_ADMIN|DIRECTOR|PRINCIPAL|ADMIN|ACCOUNTANT|TEACHER|PARENT|VIEWER","","401","NOT_APPLICABLE","private, no-store","NOINDEX","api/teacher-analytics/snapshots/[snapshotId]/review/route.ts","401","405","405","405","405","405","405","405","405"
"api","/api/teacher/analytics","/api/teacher/analytics","GET|POST","PRIVATE","VIEW_OWN_TEACHER_ANALYTICS","TEACHER","TEACHER","SUPER_ADMIN|DIRECTOR|PRINCIPAL|ADMIN|ACCOUNTANT|PARENT|VIEWER","401","403_OR_404","private, no-store","NOINDEX","api/teacher/analytics/route.ts","401","400","400","403","403","403","200","403","403"
"api","/api/teacher/communication-preferences","/api/teacher/communication-preferences","GET|POST","PRIVATE","MANAGE_OWN_WHATSAPP_CONSENT","","SUPER_ADMIN|DIRECTOR|ACCOUNTANT|TEACHER|PARENT","PRINCIPAL|ADMIN|VIEWER","401","403_OR_404","private, no-store","NOINDEX","api/teacher/communication-preferences/route.ts","401","200","200","403","403","200","200","403","403"
"api","/api/teacher/homework","/api/teacher/homework","GET","PRIVATE","VIEW_OWN_HOMEWORK_PORTAL","TEACHER","TEACHER","SUPER_ADMIN|DIRECTOR|PRINCIPAL|ADMIN|ACCOUNTANT|PARENT|VIEWER","401","403_OR_404","private, no-store","NOINDEX","api/teacher/homework/route.ts","401","403","403","403","403","403","200","403","403"
"api","/api/teacher/id-card","/api/teacher/id-card","GET","PRIVATE","VIEW_OWN_STAFF_ID_CARD","TEACHER","TEACHER","SUPER_ADMIN|DIRECTOR|PRINCIPAL|ADMIN|ACCOUNTANT|PARENT|VIEWER","401","403_OR_404","private, no-store","NOINDEX","api/teacher/id-card/route.ts","401","200","200","403","403","403","200","403","403"
"api","/api/teacher/library","/api/teacher/library","GET","PRIVATE","VIEW_OWN_LIBRARY_PORTAL","TEACHER","TEACHER","SUPER_ADMIN|DIRECTOR|PRINCIPAL|ADMIN|ACCOUNTANT|PARENT|VIEWER","401","403_OR_404","private, no-store","NOINDEX","api/teacher/library/route.ts","401","403","403","403","403","403","200","403","403"
"api","/api/teacher/marks","/api/teacher/marks","GET","PRIVATE","VIEW_EXAMS","TEACHER","TEACHER","SUPER_ADMIN|DIRECTOR|PRINCIPAL|ADMIN|ACCOUNTANT|PARENT|VIEWER","401","403_OR_404","private, no-store","NOINDEX","api/teacher/marks/route.ts","401","403","403","403","403","403","200","403","403"
"api","/api/teacher/notifications","/api/teacher/notifications","GET|POST","PRIVATE","CREATE_SCOPED_NOTIFICATIONS","TEACHER","TEACHER","SUPER_ADMIN|DIRECTOR|PRINCIPAL|ADMIN|ACCOUNTANT|PARENT|VIEWER","401","403_OR_404","private, no-store","NOINDEX","api/teacher/notifications/route.ts","401","403","403","403","403","403","200","403","403"
"api","/api/teacher/report-cards","/api/teacher/report-cards","GET","PRIVATE","VIEW_REPORT_CARDS","TEACHER","TEACHER","SUPER_ADMIN|DIRECTOR|PRINCIPAL|ADMIN|ACCOUNTANT|PARENT|VIEWER","401","403_OR_404","private, no-store","NOINDEX","api/teacher/report-cards/route.ts","401","403","403","403","403","403","200","403","403"
"api","/api/timetable/[resource]","/api/timetable/teachers","POST","PRIVATE","AUTHENTICATED_OR_SCOPED","","SUPER_ADMIN|DIRECTOR|PRINCIPAL|ADMIN|ACCOUNTANT|TEACHER|PARENT|VIEWER","","401","NOT_APPLICABLE","private, no-store","NOINDEX","api/timetable/[resource]/route.ts","401","405","405","405","405","405","405","405","405"
"api","/api/timetable/[resource]/[id]","/api/timetable/teachers/qasec1qa-object-missing","PUT|DELETE","PRIVATE","AUTHENTICATED_OR_SCOPED","","SUPER_ADMIN|DIRECTOR|PRINCIPAL|ADMIN|ACCOUNTANT|TEACHER|PARENT|VIEWER","","401","NOT_APPLICABLE","private, no-store","NOINDEX","api/timetable/[resource]/[id]/route.ts","401","405","405","405","405","405","405","405","405"
"api","/api/timetable/drafts","/api/timetable/drafts","POST","PRIVATE","MANAGE_TIMETABLE_BUILDER","","SUPER_ADMIN|DIRECTOR|PRINCIPAL","ADMIN|ACCOUNTANT|TEACHER|PARENT|VIEWER","401","403_OR_404","private, no-store","NOINDEX","api/timetable/drafts/route.ts","401","405","405","405","405","405","405","405","405"
"api","/api/timetable/drafts/[id]","/api/timetable/drafts/qasec1qa-object-missing","PUT","PRIVATE","MANAGE_TIMETABLE_BUILDER","","SUPER_ADMIN|DIRECTOR|PRINCIPAL","ADMIN|ACCOUNTANT|TEACHER|PARENT|VIEWER","401","403_OR_404","private, no-store","NOINDEX","api/timetable/drafts/[id]/route.ts","401","405","405","405","405","405","405","405","405"
"api","/api/timetable/drafts/[id]/fixed-periods","/api/timetable/drafts/qasec1qa-object-missing/fixed-periods","POST","PRIVATE","MANAGE_TIMETABLE_BUILDER","","SUPER_ADMIN|DIRECTOR|PRINCIPAL","ADMIN|ACCOUNTANT|TEACHER|PARENT|VIEWER","401","403_OR_404","private, no-store","NOINDEX","api/timetable/drafts/[id]/fixed-periods/route.ts","401","405","405","405","405","405","405","405","405"
"api","/api/timetable/entries","/api/timetable/entries","PUT|DELETE","PRIVATE","MANAGE_TIMETABLE_BUILDER","","SUPER_ADMIN|DIRECTOR|PRINCIPAL","ADMIN|ACCOUNTANT|TEACHER|PARENT|VIEWER","401","403_OR_404","private, no-store","NOINDEX","api/timetable/entries/route.ts","401","405","405","405","405","405","405","405","405"
"api","/api/timetable/export/[type]","/api/timetable/export/students","GET","PRIVATE","AUTHENTICATED_OR_SCOPED","","SUPER_ADMIN|DIRECTOR|PRINCIPAL|ADMIN|ACCOUNTANT|TEACHER|PARENT|VIEWER","","401","NOT_APPLICABLE","private, no-store","NOINDEX","api/timetable/export/[type]/route.ts","401","400","400","400","400","403","403","403","403"
"api","/api/timetable/generate","/api/timetable/generate","POST","PRIVATE","RUN_TIMETABLE_GENERATOR","","SUPER_ADMIN|DIRECTOR|PRINCIPAL","ADMIN|ACCOUNTANT|TEACHER|PARENT|VIEWER","401","403_OR_404","private, no-store","NOINDEX","api/timetable/generate/route.ts","401","405","405","405","405","405","405","405","405"
"api","/api/udise/export","/api/udise/export","GET","PRIVATE","EXPORT_UDISE_CHECKLIST","","SUPER_ADMIN|DIRECTOR|PRINCIPAL|ADMIN","ACCOUNTANT|TEACHER|PARENT|VIEWER","401","403_OR_404","private, no-store","NOINDEX","api/udise/export/route.ts","401","200","200","200","200","403","403","403","403"
"api","/api/udise/staff","/api/udise/staff","GET","PRIVATE","VIEW_UDISE_CHECKLIST","","SUPER_ADMIN|DIRECTOR|PRINCIPAL|ADMIN|VIEWER","ACCOUNTANT|TEACHER|PARENT","401","403_OR_404","private, no-store","NOINDEX","api/udise/staff/route.ts","401","200","200","200","200","403","403","403","200"
"api","/api/udise/students","/api/udise/students","GET","PRIVATE","VIEW_UDISE_CHECKLIST","","SUPER_ADMIN|DIRECTOR|PRINCIPAL|ADMIN|VIEWER","ACCOUNTANT|TEACHER|PARENT","401","403_OR_404","private, no-store","NOINDEX","api/udise/students/route.ts","401","200","200","200","200","403","403","403","200"
"api","/api/udise/summary","/api/udise/summary","GET","PRIVATE","VIEW_UDISE_CHECKLIST","","SUPER_ADMIN|DIRECTOR|PRINCIPAL|ADMIN|VIEWER","ACCOUNTANT|TEACHER|PARENT","401","403_OR_404","private, no-store","NOINDEX","api/udise/summary/route.ts","401","200","200","200","200","403","403","403","200"
"api","/api/users","/api/users","GET|POST","PRIVATE","VIEW_USERS","","SUPER_ADMIN|DIRECTOR|ADMIN","PRINCIPAL|ACCOUNTANT|TEACHER|PARENT|VIEWER","401","403_OR_404","private, no-store","NOINDEX","api/users/route.ts","401","200","200","403","200","403","403","403","403"
"api","/api/users/[id]","/api/users/qasec1qa-object-missing","PUT","PRIVATE","MANAGE_USERS","","SUPER_ADMIN|DIRECTOR|ADMIN","PRINCIPAL|ACCOUNTANT|TEACHER|PARENT|VIEWER","401","403_OR_404","private, no-store","NOINDEX","api/users/[id]/route.ts","401","405","405","405","405","405","405","405","405"
"api","/api/users/[id]/reset-password","/api/users/qasec1qa-object-missing/reset-password","POST","PRIVATE","RESET_USER_PASSWORDS","","SUPER_ADMIN|DIRECTOR|ADMIN","PRINCIPAL|ACCOUNTANT|TEACHER|PARENT|VIEWER","401","403_OR_404","private, no-store","NOINDEX","api/users/[id]/reset-password/route.ts","401","405","405","405","405","405","405","405","405"
"api","/api/vendors","/api/vendors","GET|POST","PRIVATE","VIEW_VENDORS","","SUPER_ADMIN|DIRECTOR|ADMIN|ACCOUNTANT","PRINCIPAL|TEACHER|PARENT|VIEWER","401","403_OR_404","private, no-store","NOINDEX","api/vendors/route.ts","401","200","200","403","200","200","403","403","403"
"api","/api/vendors/[id]","/api/vendors/qasec1qa-object-missing","GET|PUT|DELETE","PRIVATE","VIEW_VENDORS","","SUPER_ADMIN|DIRECTOR|ADMIN|ACCOUNTANT","PRINCIPAL|TEACHER|PARENT|VIEWER","401","403_OR_404","private, no-store","NOINDEX","api/vendors/[id]/route.ts","401","404","404","403","404","404","403","403","403"
"api","/api/website-admin/navigation","/api/website-admin/navigation","GET|PUT","PRIVATE","MANAGE_PUBLIC_WEBSITE_NAVIGATION","","SUPER_ADMIN|DIRECTOR|PRINCIPAL|ADMIN","ACCOUNTANT|TEACHER|PARENT|VIEWER","401","403_OR_404","private, no-store","NOINDEX","api/website-admin/navigation/route.ts","401","200","200","200","200","403","403","403","403"
"api","/api/website-admin/pages","/api/website-admin/pages","GET|POST","PRIVATE","MANAGE_PUBLIC_WEBSITE_PAGES","","SUPER_ADMIN|DIRECTOR|PRINCIPAL|ADMIN","ACCOUNTANT|TEACHER|PARENT|VIEWER","401","403_OR_404","private, no-store","NOINDEX","api/website-admin/pages/route.ts","401","200","200","200","200","403","403","403","403"
"api","/api/website-admin/pages/[id]","/api/website-admin/pages/qasec1qa-object-missing","GET|PUT","PRIVATE","PREVIEW_PUBLIC_WEBSITE_DRAFTS","","SUPER_ADMIN|DIRECTOR|PRINCIPAL|ADMIN","ACCOUNTANT|TEACHER|PARENT|VIEWER","401","403_OR_404","private, no-store","NOINDEX","api/website-admin/pages/[id]/route.ts","401","404","404","404","404","403","403","403","403"
"api","/api/website-admin/pages/[id]/workflow","/api/website-admin/pages/qasec1qa-object-missing/workflow","POST","PRIVATE","AUTHENTICATED_OR_SCOPED","","SUPER_ADMIN|DIRECTOR|PRINCIPAL|ADMIN|ACCOUNTANT|TEACHER|PARENT|VIEWER","","401","NOT_APPLICABLE","private, no-store","NOINDEX","api/website-admin/pages/[id]/workflow/route.ts","401","405","405","405","405","405","405","405","405"
"api","/api/website-admin/posts","/api/website-admin/posts","GET|POST","PRIVATE","MANAGE_PUBLIC_WEBSITE_POSTS","","SUPER_ADMIN|DIRECTOR|PRINCIPAL|ADMIN","ACCOUNTANT|TEACHER|PARENT|VIEWER","401","403_OR_404","private, no-store","NOINDEX","api/website-admin/posts/route.ts","401","200","200","200","200","403","403","403","403"
"api","/api/website-admin/posts/[id]","/api/website-admin/posts/qasec1qa-object-missing","GET|PUT","PRIVATE","PREVIEW_PUBLIC_WEBSITE_DRAFTS","","SUPER_ADMIN|DIRECTOR|PRINCIPAL|ADMIN","ACCOUNTANT|TEACHER|PARENT|VIEWER","401","403_OR_404","private, no-store","NOINDEX","api/website-admin/posts/[id]/route.ts","401","404","404","404","404","403","403","403","403"
"api","/api/website-admin/posts/[id]/workflow","/api/website-admin/posts/qasec1qa-object-missing/workflow","POST","PRIVATE","AUTHENTICATED_OR_SCOPED","","SUPER_ADMIN|DIRECTOR|PRINCIPAL|ADMIN|ACCOUNTANT|TEACHER|PARENT|VIEWER","","401","NOT_APPLICABLE","private, no-store","NOINDEX","api/website-admin/posts/[id]/workflow/route.ts","401","405","405","405","405","405","405","405","405"
"api","/api/website-admin/reports","/api/website-admin/reports","GET","PRIVATE","VIEW_PUBLIC_WEBSITE_REPORTS","","SUPER_ADMIN|DIRECTOR|PRINCIPAL|ADMIN|VIEWER","ACCOUNTANT|TEACHER|PARENT","401","403_OR_404","private, no-store","NOINDEX","api/website-admin/reports/route.ts","401","200","200","200","200","403","403","403","200"
"api","/api/website-admin/reports/export","/api/website-admin/reports/export","GET","PRIVATE","EXPORT_PUBLIC_WEBSITE_REPORTS","","SUPER_ADMIN|DIRECTOR|PRINCIPAL|ADMIN","ACCOUNTANT|TEACHER|PARENT|VIEWER","401","403_OR_404","private, no-store","NOINDEX","api/website-admin/reports/export/route.ts","401","200","200","200","200","403","403","403","403"
"api","/api/website-admin/settings","/api/website-admin/settings","GET|POST|PATCH","PRIVATE","MANAGE_PUBLIC_WEBSITE_SETTINGS","","SUPER_ADMIN|DIRECTOR|PRINCIPAL|ADMIN","ACCOUNTANT|TEACHER|PARENT|VIEWER","401","403_OR_404","private, no-store","NOINDEX","api/website-admin/settings/route.ts","401","200","200","200","200","403","403","403","403"
"api","/api/whatsapp/batches","/api/whatsapp/batches","GET|POST","PRIVATE","VIEW_WHATSAPP_CENTRE","","SUPER_ADMIN|DIRECTOR|PRINCIPAL|ADMIN|VIEWER","ACCOUNTANT|TEACHER|PARENT","401","403_OR_404","private, no-store","NOINDEX","api/whatsapp/batches/route.ts","401","200","200","200","200","403","403","403","200"
"api","/api/whatsapp/batches/[id]","/api/whatsapp/batches/qasec1qa-object-missing","GET","PRIVATE","VIEW_WHATSAPP_DELIVERIES","","SUPER_ADMIN|DIRECTOR|PRINCIPAL","ADMIN|ACCOUNTANT|TEACHER|PARENT|VIEWER","401","403_OR_404","private, no-store","NOINDEX","api/whatsapp/batches/[id]/route.ts","401","404","404","404","403","403","403","403","403"
"api","/api/whatsapp/batches/[id]/preview","/api/whatsapp/batches/qasec1qa-object-missing/preview","POST","PRIVATE","CREATE_WHATSAPP_BATCHES","","SUPER_ADMIN|DIRECTOR|PRINCIPAL|ADMIN","ACCOUNTANT|TEACHER|PARENT|VIEWER","401","403_OR_404","private, no-store","NOINDEX","api/whatsapp/batches/[id]/preview/route.ts","401","405","405","405","405","405","405","405","405"
"api","/api/whatsapp/batches/[id]/workflow","/api/whatsapp/batches/qasec1qa-object-missing/workflow","POST","PRIVATE","AUTHENTICATED_OR_SCOPED","","SUPER_ADMIN|DIRECTOR|PRINCIPAL|ADMIN|ACCOUNTANT|TEACHER|PARENT|VIEWER","","401","NOT_APPLICABLE","private, no-store","NOINDEX","api/whatsapp/batches/[id]/workflow/route.ts","401","405","405","405","405","405","405","405","405"
"api","/api/whatsapp/consents","/api/whatsapp/consents","GET|POST","PRIVATE","MANAGE_WHATSAPP_CONSENTS","","SUPER_ADMIN|DIRECTOR|ADMIN","PRINCIPAL|ACCOUNTANT|TEACHER|PARENT|VIEWER","401","403_OR_404","private, no-store","NOINDEX","api/whatsapp/consents/route.ts","401","200","200","403","200","403","403","403","403"
"api","/api/whatsapp/consents/[id]/opt-out","/api/whatsapp/consents/qasec1qa-object-missing/opt-out","POST","PRIVATE","MANAGE_WHATSAPP_CONSENTS","","SUPER_ADMIN|DIRECTOR|ADMIN","PRINCIPAL|ACCOUNTANT|TEACHER|PARENT|VIEWER","401","403_OR_404","private, no-store","NOINDEX","api/whatsapp/consents/[id]/opt-out/route.ts","401","405","405","405","405","405","405","405","405"
"api","/api/whatsapp/process","/api/whatsapp/process","POST","PRIVATE","PROCESS_WHATSAPP_QUEUE","","SUPER_ADMIN|DIRECTOR|ADMIN","PRINCIPAL|ACCOUNTANT|TEACHER|PARENT|VIEWER","401","403_OR_404","private, no-store","NOINDEX","api/whatsapp/process/route.ts","401","405","405","405","405","405","405","405","405"
"api","/api/whatsapp/profiles","/api/whatsapp/profiles","GET|POST","PRIVATE","VIEW_WHATSAPP_CENTRE","","SUPER_ADMIN|DIRECTOR|PRINCIPAL|ADMIN|VIEWER","ACCOUNTANT|TEACHER|PARENT","401","403_OR_404","private, no-store","NOINDEX","api/whatsapp/profiles/route.ts","401","200","200","200","200","403","403","403","200"
"api","/api/whatsapp/profiles/[id]/health","/api/whatsapp/profiles/qasec1qa-object-missing/health","POST","PRIVATE","MANAGE_WHATSAPP_INTEGRATION","","SUPER_ADMIN|DIRECTOR|ADMIN","PRINCIPAL|ACCOUNTANT|TEACHER|PARENT|VIEWER","401","403_OR_404","private, no-store","NOINDEX","api/whatsapp/profiles/[id]/health/route.ts","401","405","405","405","405","405","405","405","405"
"api","/api/whatsapp/profiles/[id]/workflow","/api/whatsapp/profiles/qasec1qa-object-missing/workflow","POST","PRIVATE","MANAGE_WHATSAPP_INTEGRATION","","SUPER_ADMIN|DIRECTOR|ADMIN","PRINCIPAL|ACCOUNTANT|TEACHER|PARENT|VIEWER","401","403_OR_404","private, no-store","NOINDEX","api/whatsapp/profiles/[id]/workflow/route.ts","401","405","405","405","405","405","405","405","405"
"api","/api/whatsapp/reports","/api/whatsapp/reports","GET","PRIVATE","VIEW_WHATSAPP_REPORTS","","SUPER_ADMIN|DIRECTOR|PRINCIPAL|ADMIN|VIEWER","ACCOUNTANT|TEACHER|PARENT","401","403_OR_404","private, no-store","NOINDEX","api/whatsapp/reports/route.ts","401","200","200","200","200","403","403","403","200"
"api","/api/whatsapp/reports/export","/api/whatsapp/reports/export","GET","PRIVATE","EXPORT_WHATSAPP_REPORTS","","SUPER_ADMIN|DIRECTOR|PRINCIPAL|ADMIN","ACCOUNTANT|TEACHER|PARENT|VIEWER","401","403_OR_404","private, no-store","NOINDEX","api/whatsapp/reports/export/route.ts","401","200","200","200","200","403","403","403","403"
"api","/api/whatsapp/templates","/api/whatsapp/templates","GET|POST","PRIVATE","VIEW_WHATSAPP_CENTRE","","SUPER_ADMIN|DIRECTOR|PRINCIPAL|ADMIN|VIEWER","ACCOUNTANT|TEACHER|PARENT","401","403_OR_404","private, no-store","NOINDEX","api/whatsapp/templates/route.ts","401","200","200","200","200","403","403","403","200"
"api","/api/whatsapp/templates/[id]/workflow","/api/whatsapp/templates/qasec1qa-object-missing/workflow","POST","PRIVATE","MANAGE_WHATSAPP_TEMPLATE_MAPPINGS","","SUPER_ADMIN|DIRECTOR|ADMIN","PRINCIPAL|ACCOUNTANT|TEACHER|PARENT|VIEWER","401","403_OR_404","private, no-store","NOINDEX","api/whatsapp/templates/[id]/workflow/route.ts","401","405","405","405","405","405","405","405","405"
"api","/api/whatsapp/webhook/[profileCode]","/api/whatsapp/webhook/QASEC1QA","GET|POST","PUBLIC","PUBLIC","","SUPER_ADMIN|DIRECTOR|PRINCIPAL|ADMIN|ACCOUNTANT|TEACHER|PARENT|VIEWER","","PUBLIC_HANDLER_STATUS","NOT_APPLICABLE","private, no-store","NOINDEX","api/whatsapp/webhook/[profileCode]/route.ts","404","404","404","404","404","404","404","404","404"
"page","/","/","GET","PUBLIC","PUBLIC","","SUPER_ADMIN|DIRECTOR|PRINCIPAL|ADMIN|ACCOUNTANT|TEACHER|PARENT|VIEWER","","PUBLIC_HANDLER_STATUS","NOT_APPLICABLE","public, max-age=0, must-revalidate","INDEX","(public)/page.tsx","200","200","200","200","200","200","200","200","200"
"page","/about","/about","GET","PUBLIC","PUBLIC","","SUPER_ADMIN|DIRECTOR|PRINCIPAL|ADMIN|ACCOUNTANT|TEACHER|PARENT|VIEWER","","PUBLIC_HANDLER_STATUS","NOT_APPLICABLE","public, max-age=0, must-revalidate","INDEX","(public)/about/page.tsx","200","200","200","200","200","200","200","200","200"
"page","/academics","/academics","GET","PUBLIC","PUBLIC","","SUPER_ADMIN|DIRECTOR|PRINCIPAL|ADMIN|ACCOUNTANT|TEACHER|PARENT|VIEWER","","PUBLIC_HANDLER_STATUS","NOT_APPLICABLE","public, max-age=0, must-revalidate","INDEX","(public)/academics/page.tsx","200","200","200","200","200","200","200","200","200"
"page","/accessibility","/accessibility","GET","PUBLIC","PUBLIC","","SUPER_ADMIN|DIRECTOR|PRINCIPAL|ADMIN|ACCOUNTANT|TEACHER|PARENT|VIEWER","","PUBLIC_HANDLER_STATUS","NOT_APPLICABLE","public, max-age=0, must-revalidate","INDEX","(public)/accessibility/page.tsx","200","200","200","200","200","200","200","200","200"
"page","/admissions","/admissions","GET","PUBLIC","PUBLIC","","SUPER_ADMIN|DIRECTOR|PRINCIPAL|ADMIN|ACCOUNTANT|TEACHER|PARENT|VIEWER","","PUBLIC_HANDLER_STATUS","NOT_APPLICABLE","public, max-age=0, must-revalidate","INDEX","(public)/admissions/page.tsx","200","200","200","200","200","200","200","200","200"
"page","/ai-assistant","/ai-assistant","GET","PRIVATE","VIEW_AI_ASSISTANT","","SUPER_ADMIN|DIRECTOR|PRINCIPAL|ADMIN","ACCOUNTANT|TEACHER|PARENT|VIEWER","307_TO_LOGIN","307_TO_UNAUTHORIZED_OR_404","private, no-store","NOINDEX","ai-assistant/page.tsx","307","200","200","200","200","307","307","307","307"
"page","/ai-assistant/audit","/ai-assistant/audit","GET","PRIVATE","VIEW_AI_ASSISTANT_AUDIT","","SUPER_ADMIN|DIRECTOR|PRINCIPAL","ADMIN|ACCOUNTANT|TEACHER|PARENT|VIEWER","307_TO_LOGIN","307_TO_UNAUTHORIZED_OR_404","private, no-store","NOINDEX","ai-assistant/audit/page.tsx","307","200","200","200","307","307","307","307","307"
"page","/ai-assistant/evaluations","/ai-assistant/evaluations","GET","PRIVATE","RUN_AI_ASSISTANT_EVALUATIONS","","SUPER_ADMIN|DIRECTOR","PRINCIPAL|ADMIN|ACCOUNTANT|TEACHER|PARENT|VIEWER","307_TO_LOGIN","307_TO_UNAUTHORIZED_OR_404","private, no-store","NOINDEX","ai-assistant/evaluations/page.tsx","307","200","200","307","307","307","307","307","307"
"page","/ai-assistant/settings","/ai-assistant/settings","GET","PRIVATE","MANAGE_AI_ASSISTANT","","SUPER_ADMIN|DIRECTOR","PRINCIPAL|ADMIN|ACCOUNTANT|TEACHER|PARENT|VIEWER","307_TO_LOGIN","307_TO_UNAUTHORIZED_OR_404","private, no-store","NOINDEX","ai-assistant/settings/page.tsx","307","200","200","307","307","307","307","307","307"
"page","/ai-assistant/sources","/ai-assistant/sources","GET","PRIVATE","MANAGE_AI_ASSISTANT_SOURCES","","SUPER_ADMIN|DIRECTOR","PRINCIPAL|ADMIN|ACCOUNTANT|TEACHER|PARENT|VIEWER","307_TO_LOGIN","307_TO_UNAUTHORIZED_OR_404","private, no-store","NOINDEX","ai-assistant/sources/page.tsx","307","200","200","307","307","307","307","307","307"
"page","/attendance/staff","/attendance/staff","GET","PRIVATE","VIEW_STAFF_ATTENDANCE","","SUPER_ADMIN|DIRECTOR|PRINCIPAL|ADMIN","ACCOUNTANT|TEACHER|PARENT|VIEWER","307_TO_LOGIN","307_TO_UNAUTHORIZED_OR_404","private, no-store","NOINDEX","attendance/staff/page.tsx","307","200","200","200","200","307","307","307","307"
"page","/attendance/staff/reports","/attendance/staff/reports","GET","PRIVATE","VIEW_STAFF_ATTENDANCE_REPORTS","","SUPER_ADMIN|DIRECTOR|PRINCIPAL|ADMIN|VIEWER","ACCOUNTANT|TEACHER|PARENT","307_TO_LOGIN","307_TO_UNAUTHORIZED_OR_404","private, no-store","NOINDEX","attendance/staff/reports/page.tsx","307","200","200","200","200","307","307","307","200"
"page","/attendance/students","/attendance/students","GET","PRIVATE","VIEW_STUDENT_ATTENDANCE","","SUPER_ADMIN|DIRECTOR|PRINCIPAL|ADMIN|TEACHER","ACCOUNTANT|PARENT|VIEWER","307_TO_LOGIN","307_TO_UNAUTHORIZED_OR_404","private, no-store","NOINDEX","attendance/students/page.tsx","307","200","200","200","200","307","200","307","307"
"page","/attendance/students/reports","/attendance/students/reports","GET","PRIVATE","VIEW_STUDENT_ATTENDANCE_REPORTS","","SUPER_ADMIN|DIRECTOR|PRINCIPAL|ADMIN|VIEWER","ACCOUNTANT|TEACHER|PARENT","307_TO_LOGIN","307_TO_UNAUTHORIZED_OR_404","private, no-store","NOINDEX","attendance/students/reports/page.tsx","307","200","200","200","200","307","307","307","200"
"page","/books","/books","GET","PRIVATE","VIEW_BOOKS_FINANCE","","SUPER_ADMIN|DIRECTOR|PRINCIPAL|ADMIN|ACCOUNTANT|VIEWER","TEACHER|PARENT","307_TO_LOGIN","307_TO_UNAUTHORIZED_OR_404","private, no-store","NOINDEX","books/page.tsx","307","200","200","200","200","200","307","307","200"
"page","/books/catalog","/books/catalog","GET","PRIVATE","VIEW_BOOKS_FINANCE","","SUPER_ADMIN|DIRECTOR|PRINCIPAL|ADMIN|ACCOUNTANT|VIEWER","TEACHER|PARENT","307_TO_LOGIN","307_TO_UNAUTHORIZED_OR_404","private, no-store","NOINDEX","books/catalog/page.tsx","307","200","200","200","200","200","307","307","200"
"page","/books/publisher-bills","/books/publisher-bills","GET","PRIVATE","VIEW_BOOKS_FINANCE","","SUPER_ADMIN|DIRECTOR|PRINCIPAL|ADMIN|ACCOUNTANT|VIEWER","TEACHER|PARENT","307_TO_LOGIN","307_TO_UNAUTHORIZED_OR_404","private, no-store","NOINDEX","books/publisher-bills/page.tsx","307","200","200","200","200","200","307","307","200"
"page","/books/publisher-bills/new","/books/publisher-bills/new","GET","PRIVATE","MANAGE_PUBLISHER_BILLS","","SUPER_ADMIN|DIRECTOR|ADMIN|ACCOUNTANT","PRINCIPAL|TEACHER|PARENT|VIEWER","307_TO_LOGIN","307_TO_UNAUTHORIZED_OR_404","private, no-store","NOINDEX","books/publisher-bills/new/page.tsx","307","200","200","307","200","200","307","307","307"
"page","/books/publishers","/books/publishers","GET","PRIVATE","VIEW_BOOKS_FINANCE","","SUPER_ADMIN|DIRECTOR|PRINCIPAL|ADMIN|ACCOUNTANT|VIEWER","TEACHER|PARENT","307_TO_LOGIN","307_TO_UNAUTHORIZED_OR_404","private, no-store","NOINDEX","books/publishers/page.tsx","307","200","200","200","200","200","307","307","200"
"page","/books/reports","/books/reports","GET","PRIVATE","VIEW_BOOK_REPORTS","","SUPER_ADMIN|DIRECTOR|PRINCIPAL|ADMIN|ACCOUNTANT|VIEWER","TEACHER|PARENT","307_TO_LOGIN","307_TO_UNAUTHORIZED_OR_404","private, no-store","NOINDEX","books/reports/page.tsx","307","200","200","200","200","200","307","307","200"
"page","/books/sales","/books/sales","GET","PRIVATE","VIEW_BOOKS_FINANCE","","SUPER_ADMIN|DIRECTOR|PRINCIPAL|ADMIN|ACCOUNTANT|VIEWER","TEACHER|PARENT","307_TO_LOGIN","307_TO_UNAUTHORIZED_OR_404","private, no-store","NOINDEX","books/sales/page.tsx","307","200","200","200","200","200","307","307","200"
"page","/books/sales/[id]","/books/sales/qasec1qa-object-missing","GET","PRIVATE","VIEW_BOOKS_FINANCE","","SUPER_ADMIN|DIRECTOR|PRINCIPAL|ADMIN|ACCOUNTANT|VIEWER","TEACHER|PARENT","307_TO_LOGIN","307_TO_UNAUTHORIZED_OR_404","private, no-store","NOINDEX","books/sales/[id]/page.tsx","307","404","404","404","404","404","307","307","404"
"page","/books/sales/[id]/print","/books/sales/qasec1qa-object-missing/print","GET","PRIVATE","VIEW_BOOKS_FINANCE","","SUPER_ADMIN|DIRECTOR|PRINCIPAL|ADMIN|ACCOUNTANT|VIEWER","TEACHER|PARENT","307_TO_LOGIN","307_TO_UNAUTHORIZED_OR_404","private, no-store","NOINDEX","books/sales/[id]/print/page.tsx","307","404","404","404","404","404","307","307","404"
"page","/books/sales/new","/books/sales/new","GET","PRIVATE","MANAGE_BOOK_SALES","","SUPER_ADMIN|DIRECTOR|ADMIN|ACCOUNTANT","PRINCIPAL|TEACHER|PARENT|VIEWER","307_TO_LOGIN","307_TO_UNAUTHORIZED_OR_404","private, no-store","NOINDEX","books/sales/new/page.tsx","307","200","200","307","200","200","307","307","307"
"page","/books/settlements","/books/settlements","GET","PRIVATE","VIEW_BOOKS_FINANCE","","SUPER_ADMIN|DIRECTOR|PRINCIPAL|ADMIN|ACCOUNTANT|VIEWER","TEACHER|PARENT","307_TO_LOGIN","307_TO_UNAUTHORIZED_OR_404","private, no-store","NOINDEX","books/settlements/page.tsx","307","200","200","200","200","200","307","307","200"
"page","/books/settlements/[date]","/books/settlements/2026-07-19","GET","PRIVATE","VIEW_BOOKS_FINANCE","","SUPER_ADMIN|DIRECTOR|PRINCIPAL|ADMIN|ACCOUNTANT|VIEWER","TEACHER|PARENT","307_TO_LOGIN","307_TO_UNAUTHORIZED_OR_404","private, no-store","NOINDEX","books/settlements/[date]/page.tsx","307","200","200","200","200","200","307","307","200"
"page","/budgets","/budgets","GET","PRIVATE","VIEW_BUDGETS","","SUPER_ADMIN|DIRECTOR|PRINCIPAL|ADMIN|ACCOUNTANT|VIEWER","TEACHER|PARENT","307_TO_LOGIN","307_TO_UNAUTHORIZED_OR_404","private, no-store","NOINDEX","budgets/page.tsx","307","200","200","200","200","200","307","307","200"
"page","/budgets/[id]","/budgets/qasec1qa-object-missing","GET","PRIVATE","VIEW_BUDGETS","","SUPER_ADMIN|DIRECTOR|PRINCIPAL|ADMIN|ACCOUNTANT|VIEWER","TEACHER|PARENT","307_TO_LOGIN","307_TO_UNAUTHORIZED_OR_404","private, no-store","NOINDEX","budgets/[id]/page.tsx","307","404","404","404","404","404","307","307","404"
"page","/budgets/new","/budgets/new","GET","PRIVATE","MANAGE_BUDGETS","","SUPER_ADMIN|DIRECTOR|ADMIN|ACCOUNTANT","PRINCIPAL|TEACHER|PARENT|VIEWER","307_TO_LOGIN","307_TO_UNAUTHORIZED_OR_404","private, no-store","NOINDEX","budgets/new/page.tsx","307","200","200","307","200","200","307","307","307"
"page","/budgets/reports","/budgets/reports","GET","PRIVATE","VIEW_BUDGET_REPORTS","","SUPER_ADMIN|DIRECTOR|PRINCIPAL|ADMIN|ACCOUNTANT|VIEWER","TEACHER|PARENT","307_TO_LOGIN","307_TO_UNAUTHORIZED_OR_404","private, no-store","NOINDEX","budgets/reports/page.tsx","307","200","200","200","200","200","307","307","200"
"page","/cash-book","/cash-book","GET","PRIVATE","VIEW_CASH_BOOK","","SUPER_ADMIN|DIRECTOR|PRINCIPAL|ADMIN|ACCOUNTANT|VIEWER","TEACHER|PARENT","307_TO_LOGIN","307_TO_UNAUTHORIZED_OR_404","private, no-store","NOINDEX","cash-book/page.tsx","307","200","200","200","200","200","307","307","200"
"page","/cash-book/[date]","/cash-book/2026-07-19","GET","PRIVATE","VIEW_CASH_BOOK","","SUPER_ADMIN|DIRECTOR|PRINCIPAL|ADMIN|ACCOUNTANT|VIEWER","TEACHER|PARENT","307_TO_LOGIN","307_TO_UNAUTHORIZED_OR_404","private, no-store","NOINDEX","cash-book/[date]/page.tsx","307","200","200","200","200","200","307","307","200"
"page","/cash-book/reports","/cash-book/reports","GET","PRIVATE","VIEW_CASH_BOOK_REPORTS","","SUPER_ADMIN|DIRECTOR|PRINCIPAL|ADMIN|ACCOUNTANT|VIEWER","TEACHER|PARENT","307_TO_LOGIN","307_TO_UNAUTHORIZED_OR_404","private, no-store","NOINDEX","cash-book/reports/page.tsx","307","200","200","200","200","200","307","307","200"
"page","/certificates","/certificates","GET","PRIVATE","VIEW_CERTIFICATES","","SUPER_ADMIN|DIRECTOR|PRINCIPAL|ADMIN","ACCOUNTANT|TEACHER|PARENT|VIEWER","307_TO_LOGIN","307_TO_UNAUTHORIZED_OR_404","private, no-store","NOINDEX","certificates/page.tsx","307","200","200","200","200","307","307","307","307"
"page","/certificates/[id]","/certificates/qasec1qa-object-missing","GET","PRIVATE","VIEW_CERTIFICATES","","SUPER_ADMIN|DIRECTOR|PRINCIPAL|ADMIN","ACCOUNTANT|TEACHER|PARENT|VIEWER","307_TO_LOGIN","307_TO_UNAUTHORIZED_OR_404","private, no-store","NOINDEX","certificates/[id]/page.tsx","307","404","404","404","404","307","307","307","307"
"page","/certificates/[id]/print","/certificates/qasec1qa-object-missing/print","GET","PRIVATE","VIEW_CERTIFICATES","","SUPER_ADMIN|DIRECTOR|PRINCIPAL|ADMIN","ACCOUNTANT|TEACHER|PARENT|VIEWER","307_TO_LOGIN","307_TO_UNAUTHORIZED_OR_404","private, no-store","NOINDEX","certificates/[id]/print/page.tsx","307","404","404","404","404","307","307","307","307"
"page","/certificates/new","/certificates/new","GET","PRIVATE","CREATE_CERTIFICATES","","SUPER_ADMIN|DIRECTOR|PRINCIPAL|ADMIN","ACCOUNTANT|TEACHER|PARENT|VIEWER","307_TO_LOGIN","307_TO_UNAUTHORIZED_OR_404","private, no-store","NOINDEX","certificates/new/page.tsx","307","200","200","200","200","307","307","307","307"
"page","/certificates/reports","/certificates/reports","GET","PRIVATE","VIEW_CERTIFICATE_REPORTS","","SUPER_ADMIN|DIRECTOR|PRINCIPAL|ADMIN|VIEWER","ACCOUNTANT|TEACHER|PARENT","307_TO_LOGIN","307_TO_UNAUTHORIZED_OR_404","private, no-store","NOINDEX","certificates/reports/page.tsx","307","200","200","200","200","307","307","307","200"
"page","/certificates/requests","/certificates/requests","GET","PRIVATE","VIEW_CERTIFICATES","","SUPER_ADMIN|DIRECTOR|PRINCIPAL|ADMIN","ACCOUNTANT|TEACHER|PARENT|VIEWER","307_TO_LOGIN","307_TO_UNAUTHORIZED_OR_404","private, no-store","NOINDEX","certificates/requests/page.tsx","307","200","200","200","200","307","307","307","307"
"page","/certificates/requests/[id]","/certificates/requests/qasec1qa-object-missing","GET","PRIVATE","VIEW_CERTIFICATES","","SUPER_ADMIN|DIRECTOR|PRINCIPAL|ADMIN","ACCOUNTANT|TEACHER|PARENT|VIEWER","307_TO_LOGIN","307_TO_UNAUTHORIZED_OR_404","private, no-store","NOINDEX","certificates/requests/[id]/page.tsx","307","404","404","404","404","307","307","307","307"
"page","/certificates/requests/new","/certificates/requests/new","GET","PRIVATE","MANAGE_CERTIFICATE_REQUESTS","","SUPER_ADMIN|DIRECTOR|PRINCIPAL|ADMIN","ACCOUNTANT|TEACHER|PARENT|VIEWER","307_TO_LOGIN","307_TO_UNAUTHORIZED_OR_404","private, no-store","NOINDEX","certificates/requests/new/page.tsx","307","200","200","200","200","307","307","307","307"
"page","/certificates/templates","/certificates/templates","GET","PRIVATE","MANAGE_CERTIFICATE_TEMPLATES","","SUPER_ADMIN|DIRECTOR","PRINCIPAL|ADMIN|ACCOUNTANT|TEACHER|PARENT|VIEWER","307_TO_LOGIN","307_TO_UNAUTHORIZED_OR_404","private, no-store","NOINDEX","certificates/templates/page.tsx","307","200","200","307","307","307","307","307","307"
"page","/change-password","/change-password","GET","PRIVATE","AUTHENTICATED_OR_SCOPED","","SUPER_ADMIN|DIRECTOR|PRINCIPAL|ADMIN|ACCOUNTANT|TEACHER|PARENT|VIEWER","","307_TO_LOGIN","NOT_APPLICABLE","private, no-store","NOINDEX","change-password/page.tsx","307","200","200","200","200","200","200","200","200"
"page","/class-x-documents","/class-x-documents","GET","PRIVATE","VIEW_CLASS_X_PACKAGES","","SUPER_ADMIN|DIRECTOR|PRINCIPAL|ADMIN|ACCOUNTANT","TEACHER|PARENT|VIEWER","307_TO_LOGIN","307_TO_UNAUTHORIZED_OR_404","private, no-store","NOINDEX","class-x-documents/page.tsx","307","200","200","200","200","200","307","307","307"
"page","/class-x-documents/[id]","/class-x-documents/qasec1qa-object-missing","GET","PRIVATE","VIEW_CLASS_X_PACKAGES","","SUPER_ADMIN|DIRECTOR|PRINCIPAL|ADMIN|ACCOUNTANT","TEACHER|PARENT|VIEWER","307_TO_LOGIN","307_TO_UNAUTHORIZED_OR_404","private, no-store","NOINDEX","class-x-documents/[id]/page.tsx","307","404","404","404","404","404","307","307","307"
"page","/class-x-documents/[id]/documents","/class-x-documents/qasec1qa-object-missing/documents","GET","PRIVATE","VIEW_CLASS_X_PACKAGES","","SUPER_ADMIN|DIRECTOR|PRINCIPAL|ADMIN|ACCOUNTANT","TEACHER|PARENT|VIEWER","307_TO_LOGIN","307_TO_UNAUTHORIZED_OR_404","private, no-store","NOINDEX","class-x-documents/[id]/documents/page.tsx","307","404","404","404","404","404","307","307","307"
"page","/class-x-documents/[id]/handover","/class-x-documents/qasec1qa-object-missing/handover","GET","PRIVATE","VIEW_CLASS_X_PACKAGES","","SUPER_ADMIN|DIRECTOR|PRINCIPAL|ADMIN|ACCOUNTANT","TEACHER|PARENT|VIEWER","307_TO_LOGIN","307_TO_UNAUTHORIZED_OR_404","private, no-store","NOINDEX","class-x-documents/[id]/handover/page.tsx","307","404","404","404","404","404","307","307","307"
"page","/class-x-documents/[id]/handover/[handoverId]/print","/class-x-documents/qasec1qa-object-missing/handover/qasec1qa-handoverid-missing/print","GET","PRIVATE","VIEW_CLASS_X_PACKAGES","","SUPER_ADMIN|DIRECTOR|PRINCIPAL|ADMIN|ACCOUNTANT","TEACHER|PARENT|VIEWER","307_TO_LOGIN","307_TO_UNAUTHORIZED_OR_404","private, no-store","NOINDEX","class-x-documents/[id]/handover/[handoverId]/print/page.tsx","307","404","404","404","404","404","307","307","307"
"page","/class-x-documents/[id]/payment","/class-x-documents/qasec1qa-object-missing/payment","GET","PRIVATE","VIEW_CLASS_X_PACKAGES","","SUPER_ADMIN|DIRECTOR|PRINCIPAL|ADMIN|ACCOUNTANT","TEACHER|PARENT|VIEWER","307_TO_LOGIN","307_TO_UNAUTHORIZED_OR_404","private, no-store","NOINDEX","class-x-documents/[id]/payment/page.tsx","307","404","404","404","404","404","307","307","307"
"page","/class-x-documents/new","/class-x-documents/new","GET","PRIVATE","MANAGE_CLASS_X_PACKAGES","","SUPER_ADMIN|DIRECTOR|PRINCIPAL|ADMIN","ACCOUNTANT|TEACHER|PARENT|VIEWER","307_TO_LOGIN","307_TO_UNAUTHORIZED_OR_404","private, no-store","NOINDEX","class-x-documents/new/page.tsx","307","200","200","200","200","307","307","307","307"
"page","/class-x-documents/reports","/class-x-documents/reports","GET","PRIVATE","VIEW_CLASS_X_PACKAGE_REPORTS","","SUPER_ADMIN|DIRECTOR|PRINCIPAL|ADMIN|ACCOUNTANT|VIEWER","TEACHER|PARENT","307_TO_LOGIN","307_TO_UNAUTHORIZED_OR_404","private, no-store","NOINDEX","class-x-documents/reports/page.tsx","307","200","200","200","200","200","307","307","200"
"page","/class-x-documents/templates","/class-x-documents/templates","GET","PRIVATE","VIEW_CLASS_X_PACKAGES","","SUPER_ADMIN|DIRECTOR|PRINCIPAL|ADMIN|ACCOUNTANT","TEACHER|PARENT|VIEWER","307_TO_LOGIN","307_TO_UNAUTHORIZED_OR_404","private, no-store","NOINDEX","class-x-documents/templates/page.tsx","307","200","200","200","200","200","307","307","307"
"page","/cloud-backup","/cloud-backup","GET","PRIVATE","VIEW_CLOUD_BACKUP","","SUPER_ADMIN|DIRECTOR|PRINCIPAL|ADMIN|VIEWER","ACCOUNTANT|TEACHER|PARENT","307_TO_LOGIN","307_TO_UNAUTHORIZED_OR_404","private, no-store","NOINDEX","cloud-backup/page.tsx","307","200","200","200","200","307","307","307","200"
"page","/cloud-backup/reports","/cloud-backup/reports","GET","PRIVATE","VIEW_CLOUD_BACKUP_REPORTS","","SUPER_ADMIN|DIRECTOR|PRINCIPAL|ADMIN|VIEWER","ACCOUNTANT|TEACHER|PARENT","307_TO_LOGIN","307_TO_UNAUTHORIZED_OR_404","private, no-store","NOINDEX","cloud-backup/reports/page.tsx","307","200","200","200","200","307","307","307","200"
"page","/cloud-backup/restore-rehearsals","/cloud-backup/restore-rehearsals","GET","PRIVATE","RUN_CLOUD_BACKUP_RESTORE_REHEARSAL","","SUPER_ADMIN|DIRECTOR|PRINCIPAL","ADMIN|ACCOUNTANT|TEACHER|PARENT|VIEWER","307_TO_LOGIN","307_TO_UNAUTHORIZED_OR_404","private, no-store","NOINDEX","cloud-backup/restore-rehearsals/page.tsx","307","200","200","200","307","307","307","307","307"
"page","/cloud-backup/retention","/cloud-backup/retention","GET","PRIVATE","MANAGE_CLOUD_BACKUP_RETENTION","","SUPER_ADMIN|DIRECTOR","PRINCIPAL|ADMIN|ACCOUNTANT|TEACHER|PARENT|VIEWER","307_TO_LOGIN","307_TO_UNAUTHORIZED_OR_404","private, no-store","NOINDEX","cloud-backup/retention/page.tsx","307","200","200","307","307","307","307","307","307"
"page","/cloud-backup/runs","/cloud-backup/runs","GET","PRIVATE","VERIFY_CLOUD_BACKUP","","SUPER_ADMIN|DIRECTOR|PRINCIPAL|ADMIN","ACCOUNTANT|TEACHER|PARENT|VIEWER","307_TO_LOGIN","307_TO_UNAUTHORIZED_OR_404","private, no-store","NOINDEX","cloud-backup/runs/page.tsx","307","200","200","200","200","307","307","307","307"
"page","/cloud-backup/runs/[id]","/cloud-backup/runs/qasec1qa-object-missing","GET","PRIVATE","VERIFY_CLOUD_BACKUP","","SUPER_ADMIN|DIRECTOR|PRINCIPAL|ADMIN","ACCOUNTANT|TEACHER|PARENT|VIEWER","307_TO_LOGIN","307_TO_UNAUTHORIZED_OR_404","private, no-store","NOINDEX","cloud-backup/runs/[id]/page.tsx","307","404","404","404","404","307","307","307","307"
"page","/cloud-backup/settings","/cloud-backup/settings","GET","PRIVATE","MANAGE_CLOUD_BACKUP_PROFILES","","SUPER_ADMIN|DIRECTOR|ADMIN","PRINCIPAL|ACCOUNTANT|TEACHER|PARENT|VIEWER","307_TO_LOGIN","307_TO_UNAUTHORIZED_OR_404","private, no-store","NOINDEX","cloud-backup/settings/page.tsx","307","200","200","307","200","307","307","307","307"
"page","/contact","/contact","GET","PUBLIC","PUBLIC","","SUPER_ADMIN|DIRECTOR|PRINCIPAL|ADMIN|ACCOUNTANT|TEACHER|PARENT|VIEWER","","PUBLIC_HANDLER_STATUS","NOT_APPLICABLE","public, max-age=0, must-revalidate","INDEX","(public)/contact/page.tsx","200","200","200","200","200","200","200","200","200"
"page","/daily-collection","/daily-collection","GET","PRIVATE","VIEW_DAILY_COLLECTION","","SUPER_ADMIN|DIRECTOR|PRINCIPAL|ADMIN|ACCOUNTANT|VIEWER","TEACHER|PARENT","307_TO_LOGIN","307_TO_UNAUTHORIZED_OR_404","private, no-store","NOINDEX","daily-collection/page.tsx","307","200","200","200","200","200","307","307","200"
"page","/dashboard","/dashboard","GET","PRIVATE","AUTHENTICATED_OR_SCOPED","","SUPER_ADMIN|DIRECTOR|PRINCIPAL|ADMIN|ACCOUNTANT|TEACHER|PARENT|VIEWER","","307_TO_LOGIN","NOT_APPLICABLE","private, no-store","NOINDEX","dashboard/page.tsx","307","200","200","200","200","200","307","307","200"
"page","/exams","/exams","GET","PRIVATE","VIEW_EXAMS","","SUPER_ADMIN|DIRECTOR|PRINCIPAL|ADMIN|TEACHER","ACCOUNTANT|PARENT|VIEWER","307_TO_LOGIN","307_TO_UNAUTHORIZED_OR_404","private, no-store","NOINDEX","exams/page.tsx","307","200","200","200","200","307","200","307","307"
"page","/exams/[id]","/exams/qasec1qa-object-missing","GET","PRIVATE","VIEW_EXAMS","","SUPER_ADMIN|DIRECTOR|PRINCIPAL|ADMIN|TEACHER","ACCOUNTANT|PARENT|VIEWER","307_TO_LOGIN","307_TO_UNAUTHORIZED_OR_404","private, no-store","NOINDEX","exams/[id]/page.tsx","307","404","404","404","404","307","404","307","307"
"page","/exams/[id]/assessments","/exams/qasec1qa-object-missing/assessments","GET","PRIVATE","VIEW_EXAMS","","SUPER_ADMIN|DIRECTOR|PRINCIPAL|ADMIN|TEACHER","ACCOUNTANT|PARENT|VIEWER","307_TO_LOGIN","307_TO_UNAUTHORIZED_OR_404","private, no-store","NOINDEX","exams/[id]/assessments/page.tsx","307","404","404","404","404","307","404","307","307"
"page","/exams/[id]/assessments/new","/exams/qasec1qa-object-missing/assessments/new","GET","PRIVATE","CONFIGURE_EXAM_ASSESSMENTS","","SUPER_ADMIN|DIRECTOR|PRINCIPAL|ADMIN","ACCOUNTANT|TEACHER|PARENT|VIEWER","307_TO_LOGIN","307_TO_UNAUTHORIZED_OR_404","private, no-store","NOINDEX","exams/[id]/assessments/new/page.tsx","307","404","404","404","404","307","307","307","307"
"page","/exams/new","/exams/new","GET","PRIVATE","MANAGE_EXAMS","","SUPER_ADMIN|DIRECTOR|PRINCIPAL|ADMIN","ACCOUNTANT|TEACHER|PARENT|VIEWER","307_TO_LOGIN","307_TO_UNAUTHORIZED_OR_404","private, no-store","NOINDEX","exams/new/page.tsx","307","200","200","200","200","307","307","307","307"
"page","/expenses","/expenses","GET","PRIVATE","VIEW_EXPENSES","","SUPER_ADMIN|DIRECTOR|PRINCIPAL|ADMIN|ACCOUNTANT|VIEWER","TEACHER|PARENT","307_TO_LOGIN","307_TO_UNAUTHORIZED_OR_404","private, no-store","NOINDEX","expenses/page.tsx","307","200","200","200","200","200","307","307","200"
"page","/expenses/[id]","/expenses/qasec1qa-object-missing","GET","PRIVATE","VIEW_EXPENSES","","SUPER_ADMIN|DIRECTOR|PRINCIPAL|ADMIN|ACCOUNTANT|VIEWER","TEACHER|PARENT","307_TO_LOGIN","307_TO_UNAUTHORIZED_OR_404","private, no-store","NOINDEX","expenses/[id]/page.tsx","307","404","404","404","404","404","307","307","404"
"page","/expenses/new","/expenses/new","GET","PRIVATE","MANAGE_EXPENSES","","SUPER_ADMIN|DIRECTOR|ADMIN|ACCOUNTANT","PRINCIPAL|TEACHER|PARENT|VIEWER","307_TO_LOGIN","307_TO_UNAUTHORIZED_OR_404","private, no-store","NOINDEX","expenses/new/page.tsx","307","200","200","307","200","200","307","307","307"
"page","/expenses/reports","/expenses/reports","GET","PRIVATE","VIEW_EXPENSE_REPORTS","","SUPER_ADMIN|DIRECTOR|PRINCIPAL|ADMIN|ACCOUNTANT|VIEWER","TEACHER|PARENT","307_TO_LOGIN","307_TO_UNAUTHORIZED_OR_404","private, no-store","NOINDEX","expenses/reports/page.tsx","307","200","200","200","200","200","307","307","200"
"page","/facilities","/facilities","GET","PUBLIC","PUBLIC","","SUPER_ADMIN|DIRECTOR|PRINCIPAL|ADMIN|ACCOUNTANT|TEACHER|PARENT|VIEWER","","PUBLIC_HANDLER_STATUS","NOT_APPLICABLE","public, max-age=0, must-revalidate","INDEX","(public)/facilities/page.tsx","200","200","200","200","200","200","200","200","200"
"page","/fee-register-ocr","/fee-register-ocr","GET","PRIVATE","VIEW_FEE_REGISTER_OCR","","SUPER_ADMIN|DIRECTOR|PRINCIPAL|ADMIN|ACCOUNTANT","TEACHER|PARENT|VIEWER","307_TO_LOGIN","307_TO_UNAUTHORIZED_OR_404","private, no-store","NOINDEX","fee-register-ocr/page.tsx","307","200","200","200","200","200","307","307","307"
"page","/fee-register-ocr/[id]","/fee-register-ocr/qasec1qa-object-missing","GET","PRIVATE","VIEW_FEE_REGISTER_OCR","","SUPER_ADMIN|DIRECTOR|PRINCIPAL|ADMIN|ACCOUNTANT","TEACHER|PARENT|VIEWER","307_TO_LOGIN","307_TO_UNAUTHORIZED_OR_404","private, no-store","NOINDEX","fee-register-ocr/[id]/page.tsx","307","404","404","404","404","404","307","307","307"
"page","/fee-register-ocr/[id]/pages/[pageId]","/fee-register-ocr/qasec1qa-object-missing/pages/qasec1qa-page-missing","GET","PRIVATE","VIEW_FEE_REGISTER_OCR_IMAGES","","SUPER_ADMIN|DIRECTOR|PRINCIPAL|ADMIN|ACCOUNTANT","TEACHER|PARENT|VIEWER","307_TO_LOGIN","307_TO_UNAUTHORIZED_OR_404","private, no-store","NOINDEX","fee-register-ocr/[id]/pages/[pageId]/page.tsx","307","404","404","404","404","404","307","307","307"
"page","/fee-register-ocr/[id]/posting","/fee-register-ocr/qasec1qa-object-missing/posting","GET","PRIVATE","PREVIEW_FEE_REGISTER_OCR_POSTING","","SUPER_ADMIN|DIRECTOR|ACCOUNTANT","PRINCIPAL|ADMIN|TEACHER|PARENT|VIEWER","307_TO_LOGIN","307_TO_UNAUTHORIZED_OR_404","private, no-store","NOINDEX","fee-register-ocr/[id]/posting/page.tsx","307","404","404","307","307","404","307","307","307"
"page","/fee-register-ocr/[id]/review","/fee-register-ocr/qasec1qa-object-missing/review","GET","PRIVATE","REVIEW_FEE_REGISTER_OCR_ROWS","","SUPER_ADMIN|DIRECTOR|PRINCIPAL|ADMIN|ACCOUNTANT","TEACHER|PARENT|VIEWER","307_TO_LOGIN","307_TO_UNAUTHORIZED_OR_404","private, no-store","NOINDEX","fee-register-ocr/[id]/review/page.tsx","307","404","404","404","404","404","307","307","307"
"page","/fee-register-ocr/new","/fee-register-ocr/new","GET","PRIVATE","UPLOAD_FEE_REGISTER_PAGES","","SUPER_ADMIN|DIRECTOR|ADMIN|ACCOUNTANT","PRINCIPAL|TEACHER|PARENT|VIEWER","307_TO_LOGIN","307_TO_UNAUTHORIZED_OR_404","private, no-store","NOINDEX","fee-register-ocr/new/page.tsx","307","200","200","307","200","200","307","307","307"
"page","/fee-register-ocr/reports","/fee-register-ocr/reports","GET","PRIVATE","VIEW_FEE_REGISTER_OCR_REPORTS","","SUPER_ADMIN|DIRECTOR|PRINCIPAL|ADMIN|ACCOUNTANT|VIEWER","TEACHER|PARENT","307_TO_LOGIN","307_TO_UNAUTHORIZED_OR_404","private, no-store","NOINDEX","fee-register-ocr/reports/page.tsx","307","200","200","200","200","200","307","307","200"
"page","/fee-register-ocr/settings","/fee-register-ocr/settings","GET","PRIVATE","MANAGE_FEE_REGISTER_OCR_PROFILES","","SUPER_ADMIN|DIRECTOR","PRINCIPAL|ADMIN|ACCOUNTANT|TEACHER|PARENT|VIEWER","307_TO_LOGIN","307_TO_UNAUTHORIZED_OR_404","private, no-store","NOINDEX","fee-register-ocr/settings/page.tsx","307","200","200","307","307","307","307","307","307"
"page","/guardians","/guardians","GET","PRIVATE","VIEW_GUARDIANS","","SUPER_ADMIN|DIRECTOR|PRINCIPAL|ADMIN","ACCOUNTANT|TEACHER|PARENT|VIEWER","307_TO_LOGIN","307_TO_UNAUTHORIZED_OR_404","private, no-store","NOINDEX","guardians/page.tsx","307","200","200","200","200","307","307","307","307"
"page","/guardians/[id]","/guardians/qasec1qa-object-missing","GET","PRIVATE","VIEW_GUARDIANS","","SUPER_ADMIN|DIRECTOR|PRINCIPAL|ADMIN","ACCOUNTANT|TEACHER|PARENT|VIEWER","307_TO_LOGIN","307_TO_UNAUTHORIZED_OR_404","private, no-store","NOINDEX","guardians/[id]/page.tsx","307","404","404","404","404","307","307","307","307"
"page","/homework","/homework","GET","PRIVATE","VIEW_HOMEWORK","","SUPER_ADMIN|DIRECTOR|PRINCIPAL|ADMIN|TEACHER","ACCOUNTANT|PARENT|VIEWER","307_TO_LOGIN","307_TO_UNAUTHORIZED_OR_404","private, no-store","NOINDEX","homework/page.tsx","307","200","200","200","200","307","200","307","307"
"page","/homework/[id]","/homework/qasec1qa-object-missing","GET","PRIVATE","VIEW_HOMEWORK","","SUPER_ADMIN|DIRECTOR|PRINCIPAL|ADMIN|TEACHER","ACCOUNTANT|PARENT|VIEWER","307_TO_LOGIN","307_TO_UNAUTHORIZED_OR_404","private, no-store","NOINDEX","homework/[id]/page.tsx","307","404","404","404","404","307","404","307","307"
"page","/homework/new","/homework/new","GET","PRIVATE","MANAGE_HOMEWORK","","SUPER_ADMIN|DIRECTOR|PRINCIPAL|ADMIN|TEACHER","ACCOUNTANT|PARENT|VIEWER","307_TO_LOGIN","307_TO_UNAUTHORIZED_OR_404","private, no-store","NOINDEX","homework/new/page.tsx","307","200","200","200","200","307","200","307","307"
"page","/homework/reports","/homework/reports","GET","PRIVATE","VIEW_HOMEWORK_REPORTS","","SUPER_ADMIN|DIRECTOR|PRINCIPAL|ADMIN|TEACHER|VIEWER","ACCOUNTANT|PARENT","307_TO_LOGIN","307_TO_UNAUTHORIZED_OR_404","private, no-store","NOINDEX","homework/reports/page.tsx","307","200","200","200","200","307","200","307","200"
"page","/id-cards","/id-cards","GET","PRIVATE","VIEW_ID_CARDS","","SUPER_ADMIN|DIRECTOR|PRINCIPAL|ADMIN","ACCOUNTANT|TEACHER|PARENT|VIEWER","307_TO_LOGIN","307_TO_UNAUTHORIZED_OR_404","private, no-store","NOINDEX","id-cards/page.tsx","307","200","200","200","200","307","307","307","307"
"page","/id-cards/[id]","/id-cards/qasec1qa-object-missing","GET","PRIVATE","VIEW_ID_CARDS","","SUPER_ADMIN|DIRECTOR|PRINCIPAL|ADMIN","ACCOUNTANT|TEACHER|PARENT|VIEWER","307_TO_LOGIN","307_TO_UNAUTHORIZED_OR_404","private, no-store","NOINDEX","id-cards/[id]/page.tsx","307","404","404","404","404","307","307","307","307"
"page","/id-cards/[id]/print","/id-cards/qasec1qa-object-missing/print","GET","PRIVATE","VIEW_ID_CARDS","","SUPER_ADMIN|DIRECTOR|PRINCIPAL|ADMIN","ACCOUNTANT|TEACHER|PARENT|VIEWER","307_TO_LOGIN","307_TO_UNAUTHORIZED_OR_404","private, no-store","NOINDEX","id-cards/[id]/print/page.tsx","307","404","404","404","404","307","307","307","307"
"page","/id-cards/batches","/id-cards/batches","GET","PRIVATE","VIEW_ID_CARDS","","SUPER_ADMIN|DIRECTOR|PRINCIPAL|ADMIN","ACCOUNTANT|TEACHER|PARENT|VIEWER","307_TO_LOGIN","307_TO_UNAUTHORIZED_OR_404","private, no-store","NOINDEX","id-cards/batches/page.tsx","307","200","200","200","200","307","307","307","307"
"page","/id-cards/batches/[id]","/id-cards/batches/qasec1qa-object-missing","GET","PRIVATE","VIEW_ID_CARDS","","SUPER_ADMIN|DIRECTOR|PRINCIPAL|ADMIN","ACCOUNTANT|TEACHER|PARENT|VIEWER","307_TO_LOGIN","307_TO_UNAUTHORIZED_OR_404","private, no-store","NOINDEX","id-cards/batches/[id]/page.tsx","307","404","404","404","404","307","307","307","307"
"page","/id-cards/batches/[id]/print","/id-cards/batches/qasec1qa-object-missing/print","GET","PRIVATE","VIEW_ID_CARDS","","SUPER_ADMIN|DIRECTOR|PRINCIPAL|ADMIN","ACCOUNTANT|TEACHER|PARENT|VIEWER","307_TO_LOGIN","307_TO_UNAUTHORIZED_OR_404","private, no-store","NOINDEX","id-cards/batches/[id]/print/page.tsx","307","404","404","404","404","307","307","307","307"
"page","/id-cards/batches/new","/id-cards/batches/new","GET","PRIVATE","MANAGE_ID_CARD_BATCHES","","SUPER_ADMIN|DIRECTOR|PRINCIPAL|ADMIN","ACCOUNTANT|TEACHER|PARENT|VIEWER","307_TO_LOGIN","307_TO_UNAUTHORIZED_OR_404","private, no-store","NOINDEX","id-cards/batches/new/page.tsx","307","200","200","200","200","307","307","307","307"
"page","/id-cards/lookup","/id-cards/lookup","GET","PRIVATE","USE_ID_CARD_LOOKUP","","SUPER_ADMIN|DIRECTOR|PRINCIPAL|ADMIN","ACCOUNTANT|TEACHER|PARENT|VIEWER","307_TO_LOGIN","307_TO_UNAUTHORIZED_OR_404","private, no-store","NOINDEX","id-cards/lookup/page.tsx","307","200","200","200","200","307","307","307","307"
"page","/id-cards/new","/id-cards/new","GET","PRIVATE","CREATE_ID_CARDS","","SUPER_ADMIN|DIRECTOR|PRINCIPAL|ADMIN","ACCOUNTANT|TEACHER|PARENT|VIEWER","307_TO_LOGIN","307_TO_UNAUTHORIZED_OR_404","private, no-store","NOINDEX","id-cards/new/page.tsx","307","200","200","200","200","307","307","307","307"
"page","/id-cards/reports","/id-cards/reports","GET","PRIVATE","VIEW_ID_CARD_REPORTS","","SUPER_ADMIN|DIRECTOR|PRINCIPAL|ADMIN|VIEWER","ACCOUNTANT|TEACHER|PARENT","307_TO_LOGIN","307_TO_UNAUTHORIZED_OR_404","private, no-store","NOINDEX","id-cards/reports/page.tsx","307","200","200","200","200","307","307","307","200"
"page","/id-cards/templates","/id-cards/templates","GET","PRIVATE","VIEW_ID_CARDS","","SUPER_ADMIN|DIRECTOR|PRINCIPAL|ADMIN","ACCOUNTANT|TEACHER|PARENT|VIEWER","307_TO_LOGIN","307_TO_UNAUTHORIZED_OR_404","private, no-store","NOINDEX","id-cards/templates/page.tsx","307","200","200","200","200","307","307","307","307"
"page","/import-export","/import-export","GET","PRIVATE","AUTHENTICATED_OR_SCOPED","","SUPER_ADMIN|DIRECTOR|PRINCIPAL|ADMIN|ACCOUNTANT|TEACHER|PARENT|VIEWER","","307_TO_LOGIN","NOT_APPLICABLE","private, no-store","NOINDEX","import-export/page.tsx","307","200","200","307","200","200","307","307","307"
"page","/import-verification","/import-verification","GET","PRIVATE","AUTHENTICATED_OR_SCOPED","","SUPER_ADMIN|DIRECTOR|PRINCIPAL|ADMIN|ACCOUNTANT|TEACHER|PARENT|VIEWER","","307_TO_LOGIN","NOT_APPLICABLE","private, no-store","NOINDEX","import-verification/page.tsx","307","200","200","307","200","200","307","307","307"
"page","/import-verification/[id]","/import-verification/qasec1qa-object-missing","GET","PRIVATE","AUTHENTICATED_OR_SCOPED","","SUPER_ADMIN|DIRECTOR|PRINCIPAL|ADMIN|ACCOUNTANT|TEACHER|PARENT|VIEWER","","307_TO_LOGIN","NOT_APPLICABLE","private, no-store","NOINDEX","import-verification/[id]/page.tsx","307","404","404","404","404","404","404","404","404"
"page","/install-app","/install-app","GET","PRIVATE","AUTHENTICATED_OR_SCOPED","","SUPER_ADMIN|DIRECTOR|PRINCIPAL|ADMIN|ACCOUNTANT|TEACHER|PARENT|VIEWER","","307_TO_LOGIN","NOT_APPLICABLE","private, no-store","NOINDEX","install-app/page.tsx","307","200","200","200","200","200","200","200","200"
"page","/leave/staff","/leave/staff","GET","PRIVATE","VIEW_STAFF_LEAVE","","SUPER_ADMIN|DIRECTOR|PRINCIPAL|ADMIN|TEACHER","ACCOUNTANT|PARENT|VIEWER","307_TO_LOGIN","307_TO_UNAUTHORIZED_OR_404","private, no-store","NOINDEX","leave/staff/page.tsx","307","200","200","200","200","307","200","307","307"
"page","/leave/staff/[id]","/leave/staff/qasec1qa-object-missing","GET","PRIVATE","VIEW_STAFF_LEAVE","","SUPER_ADMIN|DIRECTOR|PRINCIPAL|ADMIN|TEACHER","ACCOUNTANT|PARENT|VIEWER","307_TO_LOGIN","307_TO_UNAUTHORIZED_OR_404","private, no-store","NOINDEX","leave/staff/[id]/page.tsx","307","307","307","307","307","307","307","307","307"
"page","/leave/staff/new","/leave/staff/new","GET","PRIVATE","VIEW_STAFF_LEAVE","","SUPER_ADMIN|DIRECTOR|PRINCIPAL|ADMIN|TEACHER","ACCOUNTANT|PARENT|VIEWER","307_TO_LOGIN","307_TO_UNAUTHORIZED_OR_404","private, no-store","NOINDEX","leave/staff/new/page.tsx","307","200","200","200","200","307","200","307","307"
"page","/leave/staff/reports","/leave/staff/reports","GET","PRIVATE","VIEW_STAFF_LEAVE_REPORTS","","SUPER_ADMIN|DIRECTOR|PRINCIPAL|ADMIN|VIEWER","ACCOUNTANT|TEACHER|PARENT","307_TO_LOGIN","307_TO_UNAUTHORIZED_OR_404","private, no-store","NOINDEX","leave/staff/reports/page.tsx","307","200","200","200","200","307","307","307","200"
"page","/ledger","/ledger","GET","PRIVATE","VIEW_LEDGER","","SUPER_ADMIN|DIRECTOR|PRINCIPAL|ADMIN|ACCOUNTANT|VIEWER","TEACHER|PARENT","307_TO_LOGIN","307_TO_UNAUTHORIZED_OR_404","private, no-store","NOINDEX","ledger/page.tsx","307","200","200","200","200","200","307","307","200"
"page","/ledger/print","/ledger/print","GET","PRIVATE","PRINT_LEDGER","","SUPER_ADMIN|DIRECTOR|ADMIN|ACCOUNTANT","PRINCIPAL|TEACHER|PARENT|VIEWER","307_TO_LOGIN","307_TO_UNAUTHORIZED_OR_404","private, no-store","NOINDEX","ledger/print/page.tsx","307","404","404","307","404","404","307","307","307"
"page","/library","/library","GET","PRIVATE","VIEW_LIBRARY","","SUPER_ADMIN|DIRECTOR|PRINCIPAL|ADMIN|VIEWER","ACCOUNTANT|TEACHER|PARENT","307_TO_LOGIN","307_TO_UNAUTHORIZED_OR_404","private, no-store","NOINDEX","library/page.tsx","307","200","200","200","200","307","307","307","200"
"page","/library/accession-register","/library/accession-register","GET","PRIVATE","VIEW_LIBRARY","","SUPER_ADMIN|DIRECTOR|PRINCIPAL|ADMIN|VIEWER","ACCOUNTANT|TEACHER|PARENT","307_TO_LOGIN","307_TO_UNAUTHORIZED_OR_404","private, no-store","NOINDEX","library/accession-register/page.tsx","307","200","200","200","200","307","307","307","200"
"page","/library/barcodes","/library/barcodes","GET","PRIVATE","VIEW_LIBRARY_BARCODES","","SUPER_ADMIN|DIRECTOR|PRINCIPAL|ADMIN","ACCOUNTANT|TEACHER|PARENT|VIEWER","307_TO_LOGIN","307_TO_UNAUTHORIZED_OR_404","private, no-store","NOINDEX","library/barcodes/page.tsx","307","200","200","200","200","307","307","307","307"
"page","/library/barcodes/assign","/library/barcodes/assign","GET","PRIVATE","MANAGE_LIBRARY_BARCODES","","SUPER_ADMIN|DIRECTOR|ADMIN","PRINCIPAL|ACCOUNTANT|TEACHER|PARENT|VIEWER","307_TO_LOGIN","307_TO_UNAUTHORIZED_OR_404","private, no-store","NOINDEX","library/barcodes/assign/page.tsx","307","200","200","307","200","307","307","307","307"
"page","/library/barcodes/labels","/library/barcodes/labels","GET","PRIVATE","PRINT_LIBRARY_BARCODE_LABELS","","SUPER_ADMIN|DIRECTOR|ADMIN","PRINCIPAL|ACCOUNTANT|TEACHER|PARENT|VIEWER","307_TO_LOGIN","307_TO_UNAUTHORIZED_OR_404","private, no-store","NOINDEX","library/barcodes/labels/page.tsx","307","200","200","307","200","307","307","307","307"
"page","/library/catalog","/library/catalog","GET","PRIVATE","VIEW_LIBRARY","","SUPER_ADMIN|DIRECTOR|PRINCIPAL|ADMIN|VIEWER","ACCOUNTANT|TEACHER|PARENT","307_TO_LOGIN","307_TO_UNAUTHORIZED_OR_404","private, no-store","NOINDEX","library/catalog/page.tsx","307","200","200","200","200","307","307","307","200"
"page","/library/catalog/[id]","/library/catalog/qasec1qa-object-missing","GET","PRIVATE","VIEW_LIBRARY","","SUPER_ADMIN|DIRECTOR|PRINCIPAL|ADMIN|VIEWER","ACCOUNTANT|TEACHER|PARENT","307_TO_LOGIN","307_TO_UNAUTHORIZED_OR_404","private, no-store","NOINDEX","library/catalog/[id]/page.tsx","307","404","404","404","404","307","307","307","404"
"page","/library/catalog/new","/library/catalog/new","GET","PRIVATE","MANAGE_LIBRARY_CATALOG","","SUPER_ADMIN|DIRECTOR|ADMIN","PRINCIPAL|ACCOUNTANT|TEACHER|PARENT|VIEWER","307_TO_LOGIN","307_TO_UNAUTHORIZED_OR_404","private, no-store","NOINDEX","library/catalog/new/page.tsx","307","200","200","307","200","307","307","307","307"
"page","/library/charge-rules","/library/charge-rules","GET","PRIVATE","ASSESS_LIBRARY_CHARGES","","SUPER_ADMIN|DIRECTOR|ADMIN","PRINCIPAL|ACCOUNTANT|TEACHER|PARENT|VIEWER","307_TO_LOGIN","307_TO_UNAUTHORIZED_OR_404","private, no-store","NOINDEX","library/charge-rules/page.tsx","307","200","200","307","200","307","307","307","307"
"page","/library/charges","/library/charges","GET","PRIVATE","VIEW_LIBRARY_CHARGES","","SUPER_ADMIN|DIRECTOR|PRINCIPAL|ADMIN|ACCOUNTANT","TEACHER|PARENT|VIEWER","307_TO_LOGIN","307_TO_UNAUTHORIZED_OR_404","private, no-store","NOINDEX","library/charges/page.tsx","307","200","200","200","200","200","307","307","307"
"page","/library/charges/[id]","/library/charges/qasec1qa-object-missing","GET","PRIVATE","VIEW_LIBRARY_CHARGES","","SUPER_ADMIN|DIRECTOR|PRINCIPAL|ADMIN|ACCOUNTANT","TEACHER|PARENT|VIEWER","307_TO_LOGIN","307_TO_UNAUTHORIZED_OR_404","private, no-store","NOINDEX","library/charges/[id]/page.tsx","307","404","404","404","404","404","307","307","307"
"page","/library/charges/new","/library/charges/new","GET","PRIVATE","ASSESS_LIBRARY_CHARGES","","SUPER_ADMIN|DIRECTOR|ADMIN","PRINCIPAL|ACCOUNTANT|TEACHER|PARENT|VIEWER","307_TO_LOGIN","307_TO_UNAUTHORIZED_OR_404","private, no-store","NOINDEX","library/charges/new/page.tsx","307","200","200","307","200","307","307","307","307"
"page","/library/charges/reports","/library/charges/reports","GET","PRIVATE","VIEW_LIBRARY_CHARGE_REPORTS","","SUPER_ADMIN|DIRECTOR|PRINCIPAL|ADMIN|ACCOUNTANT|VIEWER","TEACHER|PARENT","307_TO_LOGIN","307_TO_UNAUTHORIZED_OR_404","private, no-store","NOINDEX","library/charges/reports/page.tsx","307","200","200","200","200","200","307","307","200"
"page","/library/circulation","/library/circulation","GET","PRIVATE","VIEW_LIBRARY_CIRCULATION","","SUPER_ADMIN|DIRECTOR|PRINCIPAL|ADMIN","ACCOUNTANT|TEACHER|PARENT|VIEWER","307_TO_LOGIN","307_TO_UNAUTHORIZED_OR_404","private, no-store","NOINDEX","library/circulation/page.tsx","307","200","200","200","200","307","307","307","307"
"page","/library/circulation/reports","/library/circulation/reports","GET","PRIVATE","VIEW_LIBRARY_CIRCULATION_REPORTS","","SUPER_ADMIN|DIRECTOR|PRINCIPAL|ADMIN|VIEWER","ACCOUNTANT|TEACHER|PARENT","307_TO_LOGIN","307_TO_UNAUTHORIZED_OR_404","private, no-store","NOINDEX","library/circulation/reports/page.tsx","307","200","200","200","200","307","307","307","200"
"page","/library/copies/[id]","/library/copies/qasec1qa-object-missing","GET","PRIVATE","VIEW_LIBRARY","","SUPER_ADMIN|DIRECTOR|PRINCIPAL|ADMIN|VIEWER","ACCOUNTANT|TEACHER|PARENT","307_TO_LOGIN","307_TO_UNAUTHORIZED_OR_404","private, no-store","NOINDEX","library/copies/[id]/page.tsx","307","404","404","404","404","307","307","307","404"
"page","/library/copies/new","/library/copies/new","GET","PRIVATE","MANAGE_LIBRARY_COPIES","","SUPER_ADMIN|DIRECTOR|ADMIN","PRINCIPAL|ACCOUNTANT|TEACHER|PARENT|VIEWER","307_TO_LOGIN","307_TO_UNAUTHORIZED_OR_404","private, no-store","NOINDEX","library/copies/new/page.tsx","307","200","200","307","200","307","307","307","307"
"page","/library/import","/library/import","GET","PRIVATE","IMPORT_LIBRARY_CATALOG","","SUPER_ADMIN|DIRECTOR|ADMIN","PRINCIPAL|ACCOUNTANT|TEACHER|PARENT|VIEWER","307_TO_LOGIN","307_TO_UNAUTHORIZED_OR_404","private, no-store","NOINDEX","library/import/page.tsx","307","200","200","307","200","307","307","307","307"
"page","/library/incidents","/library/incidents","GET","PRIVATE","VIEW_LIBRARY_INCIDENTS","","SUPER_ADMIN|DIRECTOR|PRINCIPAL|ADMIN","ACCOUNTANT|TEACHER|PARENT|VIEWER","307_TO_LOGIN","307_TO_UNAUTHORIZED_OR_404","private, no-store","NOINDEX","library/incidents/page.tsx","307","200","200","200","200","307","307","307","307"
"page","/library/incidents/[id]","/library/incidents/qasec1qa-object-missing","GET","PRIVATE","VIEW_LIBRARY_INCIDENTS","","SUPER_ADMIN|DIRECTOR|PRINCIPAL|ADMIN","ACCOUNTANT|TEACHER|PARENT|VIEWER","307_TO_LOGIN","307_TO_UNAUTHORIZED_OR_404","private, no-store","NOINDEX","library/incidents/[id]/page.tsx","307","404","404","404","404","307","307","307","307"
"page","/library/incidents/new","/library/incidents/new","GET","PRIVATE","MANAGE_LIBRARY_INCIDENTS","","SUPER_ADMIN|DIRECTOR|ADMIN","PRINCIPAL|ACCOUNTANT|TEACHER|PARENT|VIEWER","307_TO_LOGIN","307_TO_UNAUTHORIZED_OR_404","private, no-store","NOINDEX","library/incidents/new/page.tsx","307","200","200","307","200","307","307","307","307"
"page","/library/issue","/library/issue","GET","PRIVATE","ISSUE_LIBRARY_BOOKS","","SUPER_ADMIN|DIRECTOR|ADMIN","PRINCIPAL|ACCOUNTANT|TEACHER|PARENT|VIEWER","307_TO_LOGIN","307_TO_UNAUTHORIZED_OR_404","private, no-store","NOINDEX","library/issue/page.tsx","307","200","200","307","200","307","307","307","307"
"page","/library/loans","/library/loans","GET","PRIVATE","VIEW_LIBRARY_CIRCULATION","","SUPER_ADMIN|DIRECTOR|PRINCIPAL|ADMIN","ACCOUNTANT|TEACHER|PARENT|VIEWER","307_TO_LOGIN","307_TO_UNAUTHORIZED_OR_404","private, no-store","NOINDEX","library/loans/page.tsx","307","200","200","200","200","307","307","307","307"
"page","/library/loans/[id]","/library/loans/qasec1qa-object-missing","GET","PRIVATE","VIEW_LIBRARY_CIRCULATION","","SUPER_ADMIN|DIRECTOR|PRINCIPAL|ADMIN","ACCOUNTANT|TEACHER|PARENT|VIEWER","307_TO_LOGIN","307_TO_UNAUTHORIZED_OR_404","private, no-store","NOINDEX","library/loans/[id]/page.tsx","307","404","404","404","404","307","307","307","307"
"page","/library/members","/library/members","GET","PRIVATE","VIEW_LIBRARY_CIRCULATION","","SUPER_ADMIN|DIRECTOR|PRINCIPAL|ADMIN","ACCOUNTANT|TEACHER|PARENT|VIEWER","307_TO_LOGIN","307_TO_UNAUTHORIZED_OR_404","private, no-store","NOINDEX","library/members/page.tsx","307","200","200","200","200","307","307","307","307"
"page","/library/members/[id]","/library/members/qasec1qa-object-missing","GET","PRIVATE","VIEW_LIBRARY_CIRCULATION","","SUPER_ADMIN|DIRECTOR|PRINCIPAL|ADMIN","ACCOUNTANT|TEACHER|PARENT|VIEWER","307_TO_LOGIN","307_TO_UNAUTHORIZED_OR_404","private, no-store","NOINDEX","library/members/[id]/page.tsx","307","404","404","404","404","307","307","307","307"
"page","/library/members/new","/library/members/new","GET","PRIVATE","MANAGE_LIBRARY_MEMBERS","","SUPER_ADMIN|DIRECTOR|ADMIN","PRINCIPAL|ACCOUNTANT|TEACHER|PARENT|VIEWER","307_TO_LOGIN","307_TO_UNAUTHORIZED_OR_404","private, no-store","NOINDEX","library/members/new/page.tsx","307","200","200","307","200","307","307","307","307"
"page","/library/policies","/library/policies","GET","PRIVATE","VIEW_LIBRARY_CIRCULATION","","SUPER_ADMIN|DIRECTOR|PRINCIPAL|ADMIN","ACCOUNTANT|TEACHER|PARENT|VIEWER","307_TO_LOGIN","307_TO_UNAUTHORIZED_OR_404","private, no-store","NOINDEX","library/policies/page.tsx","307","200","200","200","200","307","307","307","307"
"page","/library/reports","/library/reports","GET","PRIVATE","VIEW_LIBRARY_REPORTS","","SUPER_ADMIN|DIRECTOR|PRINCIPAL|ADMIN|VIEWER","ACCOUNTANT|TEACHER|PARENT","307_TO_LOGIN","307_TO_UNAUTHORIZED_OR_404","private, no-store","NOINDEX","library/reports/page.tsx","307","200","200","200","200","307","307","307","200"
"page","/library/reservations","/library/reservations","GET","PRIVATE","VIEW_LIBRARY_CIRCULATION","","SUPER_ADMIN|DIRECTOR|PRINCIPAL|ADMIN","ACCOUNTANT|TEACHER|PARENT|VIEWER","307_TO_LOGIN","307_TO_UNAUTHORIZED_OR_404","private, no-store","NOINDEX","library/reservations/page.tsx","307","200","200","200","200","307","307","307","307"
"page","/library/return","/library/return","GET","PRIVATE","RETURN_LIBRARY_BOOKS","","SUPER_ADMIN|DIRECTOR|ADMIN","PRINCIPAL|ACCOUNTANT|TEACHER|PARENT|VIEWER","307_TO_LOGIN","307_TO_UNAUTHORIZED_OR_404","private, no-store","NOINDEX","library/return/page.tsx","307","200","200","307","200","307","307","307","307"
"page","/library/scanner","/library/scanner","GET","PRIVATE","USE_LIBRARY_SCANNER","","SUPER_ADMIN|DIRECTOR|ADMIN","PRINCIPAL|ACCOUNTANT|TEACHER|PARENT|VIEWER","307_TO_LOGIN","307_TO_UNAUTHORIZED_OR_404","private, no-store","NOINDEX","library/scanner/page.tsx","307","200","200","307","200","307","307","307","307"
"page","/library/stock-verification","/library/stock-verification","GET","PRIVATE","VIEW_LIBRARY_STOCK_VERIFICATION","","SUPER_ADMIN|DIRECTOR|PRINCIPAL|ADMIN|VIEWER","ACCOUNTANT|TEACHER|PARENT","307_TO_LOGIN","307_TO_UNAUTHORIZED_OR_404","private, no-store","NOINDEX","library/stock-verification/page.tsx","307","200","200","200","200","307","307","307","307"
"page","/library/stock-verification/[id]","/library/stock-verification/qasec1qa-object-missing","GET","PRIVATE","VIEW_LIBRARY_STOCK_VERIFICATION","","SUPER_ADMIN|DIRECTOR|PRINCIPAL|ADMIN|VIEWER","ACCOUNTANT|TEACHER|PARENT","307_TO_LOGIN","307_TO_UNAUTHORIZED_OR_404","private, no-store","NOINDEX","library/stock-verification/[id]/page.tsx","307","404","404","404","404","307","307","307","307"
"page","/library/stock-verification/[id]/review","/library/stock-verification/qasec1qa-object-missing/review","GET","PRIVATE","REVIEW_LIBRARY_STOCK_DISCREPANCIES","","SUPER_ADMIN|DIRECTOR|PRINCIPAL|ADMIN","ACCOUNTANT|TEACHER|PARENT|VIEWER","307_TO_LOGIN","307_TO_UNAUTHORIZED_OR_404","private, no-store","NOINDEX","library/stock-verification/[id]/review/page.tsx","307","404","404","404","404","307","307","307","307"
"page","/library/stock-verification/[id]/scan","/library/stock-verification/qasec1qa-object-missing/scan","GET","PRIVATE","SCAN_LIBRARY_STOCK","","SUPER_ADMIN|DIRECTOR|ADMIN","PRINCIPAL|ACCOUNTANT|TEACHER|PARENT|VIEWER","307_TO_LOGIN","307_TO_UNAUTHORIZED_OR_404","private, no-store","NOINDEX","library/stock-verification/[id]/scan/page.tsx","307","404","404","307","404","307","307","307","307"
"page","/library/stock-verification/new","/library/stock-verification/new","GET","PRIVATE","MANAGE_LIBRARY_STOCK_VERIFICATION","","SUPER_ADMIN|DIRECTOR|ADMIN","PRINCIPAL|ACCOUNTANT|TEACHER|PARENT|VIEWER","307_TO_LOGIN","307_TO_UNAUTHORIZED_OR_404","private, no-store","NOINDEX","library/stock-verification/new/page.tsx","307","200","200","307","200","307","307","307","307"
"page","/library/stock-verification/reports","/library/stock-verification/reports","GET","PRIVATE","VIEW_LIBRARY_STOCK_REPORTS","","SUPER_ADMIN|DIRECTOR|PRINCIPAL|ADMIN|VIEWER","ACCOUNTANT|TEACHER|PARENT","307_TO_LOGIN","307_TO_UNAUTHORIZED_OR_404","private, no-store","NOINDEX","library/stock-verification/reports/page.tsx","307","200","200","200","200","307","307","307","200"
"page","/login","/login","GET","PUBLIC","PUBLIC","","SUPER_ADMIN|DIRECTOR|PRINCIPAL|ADMIN|ACCOUNTANT|TEACHER|PARENT|VIEWER","","PUBLIC_HANDLER_STATUS","NOT_APPLICABLE","private, no-store","NOINDEX","login/page.tsx","200","307","307","307","307","307","307","307","307"
"page","/mandatory-disclosure","/mandatory-disclosure","GET","PUBLIC","PUBLIC","","SUPER_ADMIN|DIRECTOR|PRINCIPAL|ADMIN|ACCOUNTANT|TEACHER|PARENT|VIEWER","","PUBLIC_HANDLER_STATUS","NOT_APPLICABLE","public, max-age=0, must-revalidate","INDEX","(public)/mandatory-disclosure/page.tsx","404","404","404","404","404","404","404","404","404"
"page","/marks","/marks","GET","PRIVATE","VIEW_EXAMS","","SUPER_ADMIN|DIRECTOR|PRINCIPAL|ADMIN|TEACHER","ACCOUNTANT|PARENT|VIEWER","307_TO_LOGIN","307_TO_UNAUTHORIZED_OR_404","private, no-store","NOINDEX","marks/page.tsx","307","200","200","200","200","307","200","307","307"
"page","/marks/entry/[assessmentId]","/marks/entry/qasec1qa-assessment-missing","GET","PRIVATE","VIEW_EXAMS","","SUPER_ADMIN|DIRECTOR|PRINCIPAL|ADMIN|TEACHER","ACCOUNTANT|PARENT|VIEWER","307_TO_LOGIN","307_TO_UNAUTHORIZED_OR_404","private, no-store","NOINDEX","marks/entry/[assessmentId]/page.tsx","307","404","404","404","404","307","404","307","307"
"page","/marks/import","/marks/import","GET","PRIVATE","ENTER_MARKS","","SUPER_ADMIN|DIRECTOR|PRINCIPAL|TEACHER","ADMIN|ACCOUNTANT|PARENT|VIEWER","307_TO_LOGIN","307_TO_UNAUTHORIZED_OR_404","private, no-store","NOINDEX","marks/import/page.tsx","307","200","200","200","307","307","200","307","307"
"page","/marks/reports","/marks/reports","GET","PRIVATE","VIEW_EXAM_REPORTS","","SUPER_ADMIN|DIRECTOR|PRINCIPAL|ADMIN|VIEWER","ACCOUNTANT|TEACHER|PARENT","307_TO_LOGIN","307_TO_UNAUTHORIZED_OR_404","private, no-store","NOINDEX","marks/reports/page.tsx","307","200","200","200","200","307","307","307","200"
"page","/misc-income","/misc-income","GET","PRIVATE","VIEW_MISC_INCOME","","SUPER_ADMIN|DIRECTOR|PRINCIPAL|ADMIN|ACCOUNTANT|VIEWER","TEACHER|PARENT","307_TO_LOGIN","307_TO_UNAUTHORIZED_OR_404","private, no-store","NOINDEX","misc-income/page.tsx","307","200","200","200","200","200","307","307","200"
"page","/misc-income/[id]","/misc-income/qasec1qa-object-missing","GET","PRIVATE","VIEW_MISC_INCOME","","SUPER_ADMIN|DIRECTOR|PRINCIPAL|ADMIN|ACCOUNTANT|VIEWER","TEACHER|PARENT","307_TO_LOGIN","307_TO_UNAUTHORIZED_OR_404","private, no-store","NOINDEX","misc-income/[id]/page.tsx","307","404","404","404","404","404","307","307","404"
"page","/misc-income/[id]/print","/misc-income/qasec1qa-object-missing/print","GET","PRIVATE","VIEW_MISC_INCOME","","SUPER_ADMIN|DIRECTOR|PRINCIPAL|ADMIN|ACCOUNTANT|VIEWER","TEACHER|PARENT","307_TO_LOGIN","307_TO_UNAUTHORIZED_OR_404","private, no-store","NOINDEX","misc-income/[id]/print/page.tsx","307","404","404","404","404","404","307","307","404"
"page","/misc-income/items","/misc-income/items","GET","PRIVATE","MANAGE_MISC_INCOME_ITEMS","","SUPER_ADMIN|DIRECTOR|ADMIN|ACCOUNTANT","PRINCIPAL|TEACHER|PARENT|VIEWER","307_TO_LOGIN","307_TO_UNAUTHORIZED_OR_404","private, no-store","NOINDEX","misc-income/items/page.tsx","307","200","200","307","200","200","307","307","307"
"page","/misc-income/new","/misc-income/new","GET","PRIVATE","MANAGE_MISC_INCOME","","SUPER_ADMIN|DIRECTOR|ADMIN|ACCOUNTANT","PRINCIPAL|TEACHER|PARENT|VIEWER","307_TO_LOGIN","307_TO_UNAUTHORIZED_OR_404","private, no-store","NOINDEX","misc-income/new/page.tsx","307","200","200","307","200","200","307","307","307"
"page","/misc-income/reports","/misc-income/reports","GET","PRIVATE","VIEW_MISC_INCOME_REPORTS","","SUPER_ADMIN|DIRECTOR|PRINCIPAL|ADMIN|ACCOUNTANT|VIEWER","TEACHER|PARENT","307_TO_LOGIN","307_TO_UNAUTHORIZED_OR_404","private, no-store","NOINDEX","misc-income/reports/page.tsx","307","200","200","200","200","200","307","307","200"
"page","/news","/news","GET","PUBLIC","PUBLIC","","SUPER_ADMIN|DIRECTOR|PRINCIPAL|ADMIN|ACCOUNTANT|TEACHER|PARENT|VIEWER","","PUBLIC_HANDLER_STATUS","NOT_APPLICABLE","public, max-age=0, must-revalidate","INDEX","(public)/news/page.tsx","200","200","200","200","200","200","200","200","200"
"page","/news/[slug]","/news/qasec1qa-missing","GET","PUBLIC","PUBLIC","","SUPER_ADMIN|DIRECTOR|PRINCIPAL|ADMIN|ACCOUNTANT|TEACHER|PARENT|VIEWER","","PUBLIC_HANDLER_STATUS","NOT_APPLICABLE","public, max-age=0, must-revalidate","INDEX","(public)/news/[slug]/page.tsx","404","404","404","404","404","404","404","404","404"
"page","/notices","/notices","GET","PRIVATE","VIEW_NOTICES","","SUPER_ADMIN|DIRECTOR|PRINCIPAL|ADMIN|VIEWER","ACCOUNTANT|TEACHER|PARENT","307_TO_LOGIN","307_TO_UNAUTHORIZED_OR_404","private, no-store","NOINDEX","notices/page.tsx","307","200","200","200","200","307","307","307","200"
"page","/notifications","/notifications","GET","PRIVATE","VIEW_OWN_NOTIFICATIONS","","SUPER_ADMIN|DIRECTOR|PRINCIPAL|ADMIN|ACCOUNTANT|TEACHER|PARENT|VIEWER","","307_TO_LOGIN","NOT_APPLICABLE","private, no-store","NOINDEX","notifications/page.tsx","307","200","200","200","200","200","200","200","200"
"page","/notifications/manage","/notifications/manage","GET","PRIVATE","CREATE_NOTIFICATION_CAMPAIGNS","","SUPER_ADMIN|DIRECTOR|PRINCIPAL|ADMIN","ACCOUNTANT|TEACHER|PARENT|VIEWER","307_TO_LOGIN","307_TO_UNAUTHORIZED_OR_404","private, no-store","NOINDEX","notifications/manage/page.tsx","307","200","200","200","200","307","307","307","307"
"page","/notifications/manage/[id]","/notifications/manage/qasec1qa-object-missing","GET","PRIVATE","CREATE_NOTIFICATION_CAMPAIGNS","","SUPER_ADMIN|DIRECTOR|PRINCIPAL|ADMIN","ACCOUNTANT|TEACHER|PARENT|VIEWER","307_TO_LOGIN","307_TO_UNAUTHORIZED_OR_404","private, no-store","NOINDEX","notifications/manage/[id]/page.tsx","307","404","404","404","404","307","307","307","307"
"page","/notifications/manage/new","/notifications/manage/new","GET","PRIVATE","CREATE_NOTIFICATION_CAMPAIGNS","","SUPER_ADMIN|DIRECTOR|PRINCIPAL|ADMIN","ACCOUNTANT|TEACHER|PARENT|VIEWER","307_TO_LOGIN","307_TO_UNAUTHORIZED_OR_404","private, no-store","NOINDEX","notifications/manage/new/page.tsx","307","200","200","200","200","307","307","307","307"
"page","/notifications/reports","/notifications/reports","GET","PRIVATE","VIEW_NOTIFICATION_REPORTS","","SUPER_ADMIN|DIRECTOR|PRINCIPAL|ADMIN|VIEWER","ACCOUNTANT|TEACHER|PARENT","307_TO_LOGIN","307_TO_UNAUTHORIZED_OR_404","private, no-store","NOINDEX","notifications/reports/page.tsx","307","200","200","200","200","307","307","307","200"
"page","/notifications/templates","/notifications/templates","GET","PRIVATE","MANAGE_NOTIFICATION_TEMPLATES","","SUPER_ADMIN|DIRECTOR|PRINCIPAL|ADMIN","ACCOUNTANT|TEACHER|PARENT|VIEWER","307_TO_LOGIN","307_TO_UNAUTHORIZED_OR_404","private, no-store","NOINDEX","notifications/templates/page.tsx","307","200","200","200","200","307","307","307","307"
"page","/offline","/offline","GET","PUBLIC","PUBLIC","","SUPER_ADMIN|DIRECTOR|PRINCIPAL|ADMIN|ACCOUNTANT|TEACHER|PARENT|VIEWER","","PUBLIC_HANDLER_STATUS","NOT_APPLICABLE","public static offline content","NOINDEX","offline/page.tsx","200","200","200","200","200","200","200","200","200"
"page","/parent","/parent","GET","PRIVATE","VIEW_PARENT_PLACEHOLDER","PARENT","PARENT","SUPER_ADMIN|DIRECTOR|PRINCIPAL|ADMIN|ACCOUNTANT|TEACHER|VIEWER","307_TO_LOGIN","307_TO_UNAUTHORIZED_OR_404","private, no-store","NOINDEX","parent/page.tsx","307","307","307","307","307","307","307","200","307"
"page","/parent/certificates","/parent/certificates","GET","PRIVATE","VIEW_OWN_CHILD_CERTIFICATES","PARENT","PARENT","SUPER_ADMIN|DIRECTOR|PRINCIPAL|ADMIN|ACCOUNTANT|TEACHER|VIEWER","307_TO_LOGIN","307_TO_UNAUTHORIZED_OR_404","private, no-store","NOINDEX","parent/certificates/page.tsx","307","200","200","307","307","307","307","200","307"
"page","/parent/class-x-documents","/parent/class-x-documents","GET","PRIVATE","AUTHENTICATED_OR_SCOPED","PARENT","PARENT","SUPER_ADMIN|DIRECTOR|PRINCIPAL|ADMIN|ACCOUNTANT|TEACHER|VIEWER","307_TO_LOGIN","307_TO_UNAUTHORIZED_OR_404","private, no-store","NOINDEX","parent/class-x-documents/page.tsx","307","307","307","307","307","307","307","200","307"
"page","/parent/communication-preferences","/parent/communication-preferences","GET","PRIVATE","MANAGE_OWN_WHATSAPP_CONSENT","PARENT","PARENT","SUPER_ADMIN|DIRECTOR|PRINCIPAL|ADMIN|ACCOUNTANT|TEACHER|VIEWER","307_TO_LOGIN","307_TO_UNAUTHORIZED_OR_404","private, no-store","NOINDEX","parent/communication-preferences/page.tsx","307","307","307","307","307","307","307","200","307"
"page","/parent/homework","/parent/homework","GET","PRIVATE","VIEW_OWN_HOMEWORK_PORTAL","PARENT","PARENT","SUPER_ADMIN|DIRECTOR|PRINCIPAL|ADMIN|ACCOUNTANT|TEACHER|VIEWER","307_TO_LOGIN","307_TO_UNAUTHORIZED_OR_404","private, no-store","NOINDEX","parent/homework/page.tsx","307","307","307","307","307","307","307","200","307"
"page","/parent/id-cards","/parent/id-cards","GET","PRIVATE","VIEW_OWN_STUDENT_ID_CARDS","PARENT","PARENT","SUPER_ADMIN|DIRECTOR|PRINCIPAL|ADMIN|ACCOUNTANT|TEACHER|VIEWER","307_TO_LOGIN","307_TO_UNAUTHORIZED_OR_404","private, no-store","NOINDEX","parent/id-cards/page.tsx","307","200","200","307","307","307","307","200","307"
"page","/parent/library","/parent/library","GET","PRIVATE","VIEW_OWN_LIBRARY_PORTAL","PARENT","PARENT","SUPER_ADMIN|DIRECTOR|PRINCIPAL|ADMIN|ACCOUNTANT|TEACHER|VIEWER","307_TO_LOGIN","307_TO_UNAUTHORIZED_OR_404","private, no-store","NOINDEX","parent/library/page.tsx","307","307","307","307","307","307","307","200","307"
"page","/parent/notifications","/parent/notifications","GET","PRIVATE","VIEW_OWN_NOTIFICATIONS","PARENT","PARENT","SUPER_ADMIN|DIRECTOR|PRINCIPAL|ADMIN|ACCOUNTANT|TEACHER|VIEWER","307_TO_LOGIN","307_TO_UNAUTHORIZED_OR_404","private, no-store","NOINDEX","parent/notifications/page.tsx","307","307","307","307","307","307","307","200","307"
"page","/parent/results","/parent/results","GET","PRIVATE","VIEW_OWN_REPORT_CARDS","PARENT","PARENT","SUPER_ADMIN|DIRECTOR|PRINCIPAL|ADMIN|ACCOUNTANT|TEACHER|VIEWER","307_TO_LOGIN","307_TO_UNAUTHORIZED_OR_404","private, no-store","NOINDEX","parent/results/page.tsx","307","307","307","307","307","307","307","200","307"
"page","/payments","/payments","GET","PRIVATE","VIEW_PAYMENTS","","SUPER_ADMIN|DIRECTOR|ADMIN|ACCOUNTANT","PRINCIPAL|TEACHER|PARENT|VIEWER","307_TO_LOGIN","307_TO_UNAUTHORIZED_OR_404","private, no-store","NOINDEX","payments/page.tsx","307","200","200","307","200","200","307","307","307"
"page","/payments/[id]/edit","/payments/qasec1qa-object-missing/edit","GET","PRIVATE","EDIT_PAYMENTS","","SUPER_ADMIN|DIRECTOR|ACCOUNTANT","PRINCIPAL|ADMIN|TEACHER|PARENT|VIEWER","307_TO_LOGIN","307_TO_UNAUTHORIZED_OR_404","private, no-store","NOINDEX","payments/[id]/edit/page.tsx","307","404","404","307","307","404","307","307","307"
"page","/payments/new","/payments/new","GET","PRIVATE","CREATE_PAYMENTS","","SUPER_ADMIN|DIRECTOR|ACCOUNTANT","PRINCIPAL|ADMIN|TEACHER|PARENT|VIEWER","307_TO_LOGIN","307_TO_UNAUTHORIZED_OR_404","private, no-store","NOINDEX","payments/new/page.tsx","307","200","200","307","307","200","307","307","307"
"page","/pending-dues","/pending-dues","GET","PRIVATE","VIEW_PENDING_DUES","","SUPER_ADMIN|DIRECTOR|PRINCIPAL|ADMIN|ACCOUNTANT|VIEWER","TEACHER|PARENT","307_TO_LOGIN","307_TO_UNAUTHORIZED_OR_404","private, no-store","NOINDEX","pending-dues/page.tsx","307","200","200","200","200","200","307","307","200"
"page","/pilot-acceptance","/pilot-acceptance","GET","PRIVATE","RUN_PILOT_ACCEPTANCE","","SUPER_ADMIN|DIRECTOR|ADMIN","PRINCIPAL|ACCOUNTANT|TEACHER|PARENT|VIEWER","307_TO_LOGIN","307_TO_UNAUTHORIZED_OR_404","private, no-store","NOINDEX","pilot-acceptance/page.tsx","307","200","200","307","200","307","307","307","307"
"page","/privacy","/privacy","GET","PUBLIC","PUBLIC","","SUPER_ADMIN|DIRECTOR|PRINCIPAL|ADMIN|ACCOUNTANT|TEACHER|PARENT|VIEWER","","PUBLIC_HANDLER_STATUS","NOT_APPLICABLE","public, max-age=0, must-revalidate","INDEX","(public)/privacy/page.tsx","200","200","200","200","200","200","200","200","200"
"page","/receipt-audit","/receipt-audit","GET","PRIVATE","VIEW_RECEIPT_AUDIT","","SUPER_ADMIN|DIRECTOR|ADMIN|ACCOUNTANT","PRINCIPAL|TEACHER|PARENT|VIEWER","307_TO_LOGIN","307_TO_UNAUTHORIZED_OR_404","private, no-store","NOINDEX","receipt-audit/page.tsx","307","200","200","307","200","200","307","307","307"
"page","/receipts/[receiptNo]/print","/receipts/qasec1qa-receiptno-missing/print","GET","PRIVATE","AUTHENTICATED_OR_SCOPED","","SUPER_ADMIN|DIRECTOR|PRINCIPAL|ADMIN|ACCOUNTANT|TEACHER|PARENT|VIEWER","","307_TO_LOGIN","NOT_APPLICABLE","private, no-store","NOINDEX","receipts/[receiptNo]/print/page.tsx","307","404","404","404","404","404","404","404","404"
"page","/report-cards","/report-cards","GET","PRIVATE","VIEW_REPORT_CARDS","","SUPER_ADMIN|DIRECTOR|PRINCIPAL|ADMIN|TEACHER","ACCOUNTANT|PARENT|VIEWER","307_TO_LOGIN","307_TO_UNAUTHORIZED_OR_404","private, no-store","NOINDEX","report-cards/page.tsx","307","200","200","200","200","307","200","307","307"
"page","/report-cards/[id]","/report-cards/qasec1qa-object-missing","GET","PRIVATE","VIEW_REPORT_CARDS","","SUPER_ADMIN|DIRECTOR|PRINCIPAL|ADMIN|TEACHER","ACCOUNTANT|PARENT|VIEWER","307_TO_LOGIN","307_TO_UNAUTHORIZED_OR_404","private, no-store","NOINDEX","report-cards/[id]/page.tsx","307","404","404","404","404","307","404","307","307"
"page","/report-cards/[id]/kg-entry","/report-cards/qasec1qa-object-missing/kg-entry","GET","PRIVATE","VIEW_REPORT_CARDS","","SUPER_ADMIN|DIRECTOR|PRINCIPAL|ADMIN|TEACHER","ACCOUNTANT|PARENT|VIEWER","307_TO_LOGIN","307_TO_UNAUTHORIZED_OR_404","private, no-store","NOINDEX","report-cards/[id]/kg-entry/page.tsx","307","404","404","404","404","307","404","307","307"
"page","/report-cards/[id]/print","/report-cards/qasec1qa-object-missing/print","GET","PRIVATE","VIEW_REPORT_CARDS","","SUPER_ADMIN|DIRECTOR|PRINCIPAL|ADMIN|TEACHER","ACCOUNTANT|PARENT|VIEWER","307_TO_LOGIN","307_TO_UNAUTHORIZED_OR_404","private, no-store","NOINDEX","report-cards/[id]/print/page.tsx","307","404","404","404","404","307","404","307","307"
"page","/report-cards/batches/[id]","/report-cards/batches/qasec1qa-object-missing","GET","PRIVATE","VIEW_REPORT_CARDS","","SUPER_ADMIN|DIRECTOR|PRINCIPAL|ADMIN|TEACHER","ACCOUNTANT|PARENT|VIEWER","307_TO_LOGIN","307_TO_UNAUTHORIZED_OR_404","private, no-store","NOINDEX","report-cards/batches/[id]/page.tsx","307","404","404","404","404","307","404","307","307"
"page","/report-cards/batches/new","/report-cards/batches/new","GET","PRIVATE","MANAGE_REPORT_CARD_BATCHES","","SUPER_ADMIN|DIRECTOR|PRINCIPAL|ADMIN","ACCOUNTANT|TEACHER|PARENT|VIEWER","307_TO_LOGIN","307_TO_UNAUTHORIZED_OR_404","private, no-store","NOINDEX","report-cards/batches/new/page.tsx","307","200","200","200","200","307","307","307","307"
"page","/report-cards/reports","/report-cards/reports","GET","PRIVATE","VIEW_REPORT_CARD_REPORTS","","SUPER_ADMIN|DIRECTOR|PRINCIPAL|ADMIN|VIEWER","ACCOUNTANT|TEACHER|PARENT","307_TO_LOGIN","307_TO_UNAUTHORIZED_OR_404","private, no-store","NOINDEX","report-cards/reports/page.tsx","307","200","200","200","200","307","307","307","200"
"page","/report-cards/templates","/report-cards/templates","GET","PRIVATE","MANAGE_REPORT_CARD_TEMPLATES","","SUPER_ADMIN|DIRECTOR|ADMIN","PRINCIPAL|ACCOUNTANT|TEACHER|PARENT|VIEWER","307_TO_LOGIN","307_TO_UNAUTHORIZED_OR_404","private, no-store","NOINDEX","report-cards/templates/page.tsx","307","200","200","307","200","307","307","307","307"
"page","/roles","/roles","GET","PRIVATE","MANAGE_ROLE_PERMISSIONS","","SUPER_ADMIN","DIRECTOR|PRINCIPAL|ADMIN|ACCOUNTANT|TEACHER|PARENT|VIEWER","307_TO_LOGIN","307_TO_UNAUTHORIZED_OR_404","private, no-store","NOINDEX","roles/page.tsx","307","200","307","307","307","307","307","307","307"
"page","/school-app","/school-app","GET","PUBLIC","PUBLIC","","SUPER_ADMIN|DIRECTOR|PRINCIPAL|ADMIN|ACCOUNTANT|TEACHER|PARENT|VIEWER","","PUBLIC_HANDLER_STATUS","NOT_APPLICABLE","public, max-age=0, must-revalidate","INDEX","(public)/school-app/page.tsx","200","200","200","200","200","200","200","200","200"
"page","/settings","/settings","GET","PRIVATE","VIEW_SETTINGS","","SUPER_ADMIN|DIRECTOR|ADMIN","PRINCIPAL|ACCOUNTANT|TEACHER|PARENT|VIEWER","307_TO_LOGIN","307_TO_UNAUTHORIZED_OR_404","private, no-store","NOINDEX","settings/page.tsx","307","200","200","307","200","307","307","307","307"
"page","/settings/pwa","/settings/pwa","GET","PRIVATE","VIEW_SYSTEM_HEALTH","","SUPER_ADMIN|DIRECTOR|ADMIN","PRINCIPAL|ACCOUNTANT|TEACHER|PARENT|VIEWER","307_TO_LOGIN","307_TO_UNAUTHORIZED_OR_404","private, no-store","NOINDEX","settings/pwa/page.tsx","307","200","200","307","200","307","307","307","307"
"page","/setup","/setup","GET","PUBLIC","PUBLIC","","SUPER_ADMIN|DIRECTOR|PRINCIPAL|ADMIN|ACCOUNTANT|TEACHER|PARENT|VIEWER","","PUBLIC_HANDLER_STATUS","NOT_APPLICABLE","private, no-store","NOINDEX","setup/page.tsx","200","200","200","200","200","200","200","200","200"
"page","/sms-email","/sms-email","GET","PRIVATE","VIEW_SMS_EMAIL_CENTRE","","SUPER_ADMIN|DIRECTOR|PRINCIPAL|ADMIN|VIEWER","ACCOUNTANT|TEACHER|PARENT","307_TO_LOGIN","307_TO_UNAUTHORIZED_OR_404","private, no-store","NOINDEX","sms-email/page.tsx","307","200","200","200","200","307","307","307","200"
"page","/sms-email/batches","/sms-email/batches","GET","PRIVATE","VIEW_SMS_EMAIL_CENTRE","","SUPER_ADMIN|DIRECTOR|PRINCIPAL|ADMIN|VIEWER","ACCOUNTANT|TEACHER|PARENT","307_TO_LOGIN","307_TO_UNAUTHORIZED_OR_404","private, no-store","NOINDEX","sms-email/batches/page.tsx","307","200","200","200","200","307","307","307","200"
"page","/sms-email/batches/[id]","/sms-email/batches/qasec1qa-object-missing","GET","PRIVATE","VIEW_SMS_EMAIL_CENTRE","","SUPER_ADMIN|DIRECTOR|PRINCIPAL|ADMIN|VIEWER","ACCOUNTANT|TEACHER|PARENT","307_TO_LOGIN","307_TO_UNAUTHORIZED_OR_404","private, no-store","NOINDEX","sms-email/batches/[id]/page.tsx","307","404","404","404","404","307","307","307","404"
"page","/sms-email/batches/new","/sms-email/batches/new","GET","PRIVATE","CREATE_SMS_EMAIL_BATCHES","","SUPER_ADMIN|DIRECTOR|PRINCIPAL|ADMIN","ACCOUNTANT|TEACHER|PARENT|VIEWER","307_TO_LOGIN","307_TO_UNAUTHORIZED_OR_404","private, no-store","NOINDEX","sms-email/batches/new/page.tsx","307","200","200","200","200","307","307","307","307"
"page","/sms-email/consents","/sms-email/consents","GET","PRIVATE","MANAGE_SMS_EMAIL_CONSENTS","","SUPER_ADMIN|DIRECTOR|ADMIN","PRINCIPAL|ACCOUNTANT|TEACHER|PARENT|VIEWER","307_TO_LOGIN","307_TO_UNAUTHORIZED_OR_404","private, no-store","NOINDEX","sms-email/consents/page.tsx","307","200","200","307","200","307","307","307","307"
"page","/sms-email/integrations","/sms-email/integrations","GET","PRIVATE","VIEW_SMS_EMAIL_CENTRE","","SUPER_ADMIN|DIRECTOR|PRINCIPAL|ADMIN|VIEWER","ACCOUNTANT|TEACHER|PARENT","307_TO_LOGIN","307_TO_UNAUTHORIZED_OR_404","private, no-store","NOINDEX","sms-email/integrations/page.tsx","307","200","200","200","200","307","307","307","200"
"page","/sms-email/reports","/sms-email/reports","GET","PRIVATE","VIEW_SMS_EMAIL_REPORTS","","SUPER_ADMIN|DIRECTOR|PRINCIPAL|ADMIN|VIEWER","ACCOUNTANT|TEACHER|PARENT","307_TO_LOGIN","307_TO_UNAUTHORIZED_OR_404","private, no-store","NOINDEX","sms-email/reports/page.tsx","307","200","200","200","200","307","307","307","200"
"page","/sms-email/templates","/sms-email/templates","GET","PRIVATE","VIEW_SMS_EMAIL_CENTRE","","SUPER_ADMIN|DIRECTOR|PRINCIPAL|ADMIN|VIEWER","ACCOUNTANT|TEACHER|PARENT","307_TO_LOGIN","307_TO_UNAUTHORIZED_OR_404","private, no-store","NOINDEX","sms-email/templates/page.tsx","307","200","200","200","200","307","307","307","200"
"page","/staff","/staff","GET","PRIVATE","VIEW_STAFF","","SUPER_ADMIN|DIRECTOR|PRINCIPAL|ADMIN|VIEWER","ACCOUNTANT|TEACHER|PARENT","307_TO_LOGIN","307_TO_UNAUTHORIZED_OR_404","private, no-store","NOINDEX","staff/page.tsx","307","200","200","200","200","307","307","307","200"
"page","/staff/[id]","/staff/qasec1qa-object-missing","GET","PRIVATE","VIEW_STAFF","","SUPER_ADMIN|DIRECTOR|PRINCIPAL|ADMIN|VIEWER","ACCOUNTANT|TEACHER|PARENT","307_TO_LOGIN","307_TO_UNAUTHORIZED_OR_404","private, no-store","NOINDEX","staff/[id]/page.tsx","307","404","404","404","404","307","307","307","404"
"page","/student-life","/student-life","GET","PUBLIC","PUBLIC","","SUPER_ADMIN|DIRECTOR|PRINCIPAL|ADMIN|ACCOUNTANT|TEACHER|PARENT|VIEWER","","PUBLIC_HANDLER_STATUS","NOT_APPLICABLE","public, max-age=0, must-revalidate","INDEX","(public)/student-life/page.tsx","200","200","200","200","200","200","200","200","200"
"page","/students","/students","GET","PRIVATE","VIEW_STUDENTS","","SUPER_ADMIN|DIRECTOR|PRINCIPAL|ADMIN|ACCOUNTANT","TEACHER|PARENT|VIEWER","307_TO_LOGIN","307_TO_UNAUTHORIZED_OR_404","private, no-store","NOINDEX","students/page.tsx","307","200","200","200","200","200","307","307","307"
"page","/students/[id]/edit","/students/qasec1qa-object-missing/edit","GET","PRIVATE","EDIT_STUDENTS","","SUPER_ADMIN|DIRECTOR|PRINCIPAL|ADMIN","ACCOUNTANT|TEACHER|PARENT|VIEWER","307_TO_LOGIN","307_TO_UNAUTHORIZED_OR_404","private, no-store","NOINDEX","students/[id]/edit/page.tsx","307","404","404","404","404","307","307","307","307"
"page","/students/[id]/lifecycle","/students/qasec1qa-object-missing/lifecycle","GET","PRIVATE","VIEW_STUDENT_LIFECYCLE","","SUPER_ADMIN|DIRECTOR|PRINCIPAL|ADMIN|VIEWER","ACCOUNTANT|TEACHER|PARENT","307_TO_LOGIN","307_TO_UNAUTHORIZED_OR_404","private, no-store","NOINDEX","students/[id]/lifecycle/page.tsx","307","404","404","404","404","307","307","307","404"
"page","/students/lifecycle","/students/lifecycle","GET","PRIVATE","VIEW_STUDENT_LIFECYCLE","","SUPER_ADMIN|DIRECTOR|PRINCIPAL|ADMIN|VIEWER","ACCOUNTANT|TEACHER|PARENT","307_TO_LOGIN","307_TO_UNAUTHORIZED_OR_404","private, no-store","NOINDEX","students/lifecycle/page.tsx","307","200","200","200","200","307","307","307","200"
"page","/students/new","/students/new","GET","PRIVATE","CREATE_STUDENTS","","SUPER_ADMIN|DIRECTOR|PRINCIPAL|ADMIN","ACCOUNTANT|TEACHER|PARENT|VIEWER","307_TO_LOGIN","307_TO_UNAUTHORIZED_OR_404","private, no-store","NOINDEX","students/new/page.tsx","307","200","200","200","200","307","307","307","307"
"page","/students/progression","/students/progression","GET","PRIVATE","VIEW_STUDENT_PROGRESSION","","SUPER_ADMIN|DIRECTOR|PRINCIPAL|ADMIN|VIEWER","ACCOUNTANT|TEACHER|PARENT","307_TO_LOGIN","307_TO_UNAUTHORIZED_OR_404","private, no-store","NOINDEX","students/progression/page.tsx","307","200","200","200","200","307","307","307","200"
"page","/students/progression/[id]","/students/progression/qasec1qa-object-missing","GET","PRIVATE","VIEW_STUDENT_PROGRESSION","","SUPER_ADMIN|DIRECTOR|PRINCIPAL|ADMIN|VIEWER","ACCOUNTANT|TEACHER|PARENT","307_TO_LOGIN","307_TO_UNAUTHORIZED_OR_404","private, no-store","NOINDEX","students/progression/[id]/page.tsx","307","404","404","404","404","307","307","307","404"
"page","/students/progression/new","/students/progression/new","GET","PRIVATE","MANAGE_STUDENT_PROGRESSION","","SUPER_ADMIN|DIRECTOR|PRINCIPAL|ADMIN","ACCOUNTANT|TEACHER|PARENT|VIEWER","307_TO_LOGIN","307_TO_UNAUTHORIZED_OR_404","private, no-store","NOINDEX","students/progression/new/page.tsx","307","200","200","200","200","307","307","307","307"
"page","/substitutes","/substitutes","GET","PRIVATE","VIEW_SUBSTITUTES","","SUPER_ADMIN|DIRECTOR|PRINCIPAL|ADMIN|TEACHER","ACCOUNTANT|PARENT|VIEWER","307_TO_LOGIN","307_TO_UNAUTHORIZED_OR_404","private, no-store","NOINDEX","substitutes/page.tsx","307","200","200","200","200","307","200","307","307"
"page","/substitutes/[id]","/substitutes/qasec1qa-object-missing","GET","PRIVATE","VIEW_SUBSTITUTES","","SUPER_ADMIN|DIRECTOR|PRINCIPAL|ADMIN|TEACHER","ACCOUNTANT|PARENT|VIEWER","307_TO_LOGIN","307_TO_UNAUTHORIZED_OR_404","private, no-store","NOINDEX","substitutes/[id]/page.tsx","307","404","404","404","404","307","404","307","307"
"page","/substitutes/new","/substitutes/new","GET","PRIVATE","MANAGE_SUBSTITUTES","","SUPER_ADMIN|DIRECTOR|PRINCIPAL|ADMIN","ACCOUNTANT|TEACHER|PARENT|VIEWER","307_TO_LOGIN","307_TO_UNAUTHORIZED_OR_404","private, no-store","NOINDEX","substitutes/new/page.tsx","307","200","200","200","200","307","307","307","307"
"page","/substitutes/planner","/substitutes/planner","GET","PRIVATE","MANAGE_SUBSTITUTES","","SUPER_ADMIN|DIRECTOR|PRINCIPAL|ADMIN","ACCOUNTANT|TEACHER|PARENT|VIEWER","307_TO_LOGIN","307_TO_UNAUTHORIZED_OR_404","private, no-store","NOINDEX","substitutes/planner/page.tsx","307","200","200","200","200","307","307","307","307"
"page","/substitutes/reports","/substitutes/reports","GET","PRIVATE","VIEW_SUBSTITUTE_REPORTS","","SUPER_ADMIN|DIRECTOR|PRINCIPAL|ADMIN|VIEWER","ACCOUNTANT|TEACHER|PARENT","307_TO_LOGIN","307_TO_UNAUTHORIZED_OR_404","private, no-store","NOINDEX","substitutes/reports/page.tsx","307","200","200","200","200","307","307","307","200"
"page","/sw.js","/sw.js","GET","PRIVATE","AUTHENTICATED_OR_SCOPED","","SUPER_ADMIN|DIRECTOR|PRINCIPAL|ADMIN|ACCOUNTANT|TEACHER|PARENT|VIEWER","","307_TO_LOGIN","NOT_APPLICABLE","private, no-store","NOINDEX","sw.js/route.ts","200","200","200","200","200","200","200","200","200"
"page","/teacher","/teacher","GET","PRIVATE","VIEW_TEACHER_PLACEHOLDER","TEACHER","TEACHER","SUPER_ADMIN|DIRECTOR|PRINCIPAL|ADMIN|ACCOUNTANT|PARENT|VIEWER","307_TO_LOGIN","307_TO_UNAUTHORIZED_OR_404","private, no-store","NOINDEX","teacher/page.tsx","307","307","307","307","307","307","200","307","307"
"page","/teacher-analytics","/teacher-analytics","GET","PRIVATE","VIEW_TEACHER_ANALYTICS","","SUPER_ADMIN|DIRECTOR|PRINCIPAL","ADMIN|ACCOUNTANT|TEACHER|PARENT|VIEWER","307_TO_LOGIN","307_TO_UNAUTHORIZED_OR_404","private, no-store","NOINDEX","teacher-analytics/page.tsx","307","200","200","200","307","307","307","307","307"
"page","/teacher-analytics/[cycleId]","/teacher-analytics/qasec1qa-cycleid-missing","GET","PRIVATE","VIEW_TEACHER_ANALYTICS","","SUPER_ADMIN|DIRECTOR|PRINCIPAL","ADMIN|ACCOUNTANT|TEACHER|PARENT|VIEWER","307_TO_LOGIN","307_TO_UNAUTHORIZED_OR_404","private, no-store","NOINDEX","teacher-analytics/[cycleId]/page.tsx","307","404","404","404","307","307","307","307","307"
"page","/teacher-analytics/[cycleId]/reports","/teacher-analytics/qasec1qa-cycleid-missing/reports","GET","PRIVATE","AUTHENTICATED_OR_SCOPED","","SUPER_ADMIN|DIRECTOR|PRINCIPAL|ADMIN|ACCOUNTANT|TEACHER|PARENT|VIEWER","","307_TO_LOGIN","NOT_APPLICABLE","private, no-store","NOINDEX","teacher-analytics/[cycleId]/reports/page.tsx","307","307","307","307","307","307","307","307","307"
"page","/teacher-analytics/[cycleId]/teachers/[snapshotId]","/teacher-analytics/qasec1qa-cycleid-missing/teachers/qasec1qa-snapshotid-missing","GET","PRIVATE","VIEW_TEACHER_ANALYTICS","","SUPER_ADMIN|DIRECTOR|PRINCIPAL","ADMIN|ACCOUNTANT|TEACHER|PARENT|VIEWER","307_TO_LOGIN","307_TO_UNAUTHORIZED_OR_404","private, no-store","NOINDEX","teacher-analytics/[cycleId]/teachers/[snapshotId]/page.tsx","307","404","404","404","307","307","307","307","307"
"page","/teacher-analytics/new","/teacher-analytics/new","GET","PRIVATE","MANAGE_TEACHER_ANALYTICS_CYCLES","","SUPER_ADMIN|DIRECTOR|PRINCIPAL","ADMIN|ACCOUNTANT|TEACHER|PARENT|VIEWER","307_TO_LOGIN","307_TO_UNAUTHORIZED_OR_404","private, no-store","NOINDEX","teacher-analytics/new/page.tsx","307","200","200","200","307","307","307","307","307"
"page","/teacher-analytics/reports","/teacher-analytics/reports","GET","PRIVATE","VIEW_TEACHER_ANALYTICS_REPORTS","","SUPER_ADMIN|DIRECTOR|PRINCIPAL|VIEWER","ADMIN|ACCOUNTANT|TEACHER|PARENT","307_TO_LOGIN","307_TO_UNAUTHORIZED_OR_404","private, no-store","NOINDEX","teacher-analytics/reports/page.tsx","307","200","200","200","307","307","307","307","200"
"page","/teacher/analytics","/teacher/analytics","GET","PRIVATE","VIEW_OWN_TEACHER_ANALYTICS","TEACHER","TEACHER","SUPER_ADMIN|DIRECTOR|PRINCIPAL|ADMIN|ACCOUNTANT|PARENT|VIEWER","307_TO_LOGIN","307_TO_UNAUTHORIZED_OR_404","private, no-store","NOINDEX","teacher/analytics/page.tsx","307","307","307","307","307","307","200","307","307"
"page","/teacher/communication-preferences","/teacher/communication-preferences","GET","PRIVATE","MANAGE_OWN_WHATSAPP_CONSENT","","SUPER_ADMIN|DIRECTOR|ACCOUNTANT|TEACHER|PARENT","PRINCIPAL|ADMIN|VIEWER","307_TO_LOGIN","307_TO_UNAUTHORIZED_OR_404","private, no-store","NOINDEX","teacher/communication-preferences/page.tsx","307","200","200","307","307","200","200","307","307"
"page","/teacher/homework","/teacher/homework","GET","PRIVATE","VIEW_OWN_HOMEWORK_PORTAL","TEACHER","TEACHER","SUPER_ADMIN|DIRECTOR|PRINCIPAL|ADMIN|ACCOUNTANT|PARENT|VIEWER","307_TO_LOGIN","307_TO_UNAUTHORIZED_OR_404","private, no-store","NOINDEX","teacher/homework/page.tsx","307","307","307","307","307","307","200","307","307"
"page","/teacher/id-card","/teacher/id-card","GET","PRIVATE","VIEW_OWN_STAFF_ID_CARD","TEACHER","TEACHER","SUPER_ADMIN|DIRECTOR|PRINCIPAL|ADMIN|ACCOUNTANT|PARENT|VIEWER","307_TO_LOGIN","307_TO_UNAUTHORIZED_OR_404","private, no-store","NOINDEX","teacher/id-card/page.tsx","307","200","200","307","307","307","200","307","307"
"page","/teacher/library","/teacher/library","GET","PRIVATE","VIEW_OWN_LIBRARY_PORTAL","TEACHER","TEACHER","SUPER_ADMIN|DIRECTOR|PRINCIPAL|ADMIN|ACCOUNTANT|PARENT|VIEWER","307_TO_LOGIN","307_TO_UNAUTHORIZED_OR_404","private, no-store","NOINDEX","teacher/library/page.tsx","307","307","307","307","307","307","200","307","307"
"page","/teacher/marks","/teacher/marks","GET","PRIVATE","VIEW_EXAMS","TEACHER","TEACHER","SUPER_ADMIN|DIRECTOR|PRINCIPAL|ADMIN|ACCOUNTANT|PARENT|VIEWER","307_TO_LOGIN","307_TO_UNAUTHORIZED_OR_404","private, no-store","NOINDEX","teacher/marks/page.tsx","307","307","307","307","307","307","200","307","307"
"page","/teacher/notifications","/teacher/notifications","GET","PRIVATE","VIEW_OWN_NOTIFICATIONS","TEACHER","TEACHER","SUPER_ADMIN|DIRECTOR|PRINCIPAL|ADMIN|ACCOUNTANT|PARENT|VIEWER","307_TO_LOGIN","307_TO_UNAUTHORIZED_OR_404","private, no-store","NOINDEX","teacher/notifications/page.tsx","307","307","307","307","307","307","200","307","307"
"page","/teacher/report-cards","/teacher/report-cards","GET","PRIVATE","VIEW_REPORT_CARDS","TEACHER","TEACHER","SUPER_ADMIN|DIRECTOR|PRINCIPAL|ADMIN|ACCOUNTANT|PARENT|VIEWER","307_TO_LOGIN","307_TO_UNAUTHORIZED_OR_404","private, no-store","NOINDEX","teacher/report-cards/page.tsx","307","307","307","307","307","307","200","307","307"
"page","/terms","/terms","GET","PUBLIC","PUBLIC","","SUPER_ADMIN|DIRECTOR|PRINCIPAL|ADMIN|ACCOUNTANT|TEACHER|PARENT|VIEWER","","PUBLIC_HANDLER_STATUS","NOT_APPLICABLE","public, max-age=0, must-revalidate","INDEX","(public)/terms/page.tsx","200","200","200","200","200","200","200","200","200"
"page","/timetable","/timetable","GET","PRIVATE","VIEW_TIMETABLE","","SUPER_ADMIN|DIRECTOR|PRINCIPAL|ADMIN","ACCOUNTANT|TEACHER|PARENT|VIEWER","307_TO_LOGIN","307_TO_UNAUTHORIZED_OR_404","private, no-store","NOINDEX","timetable/page.tsx","307","200","200","200","200","307","307","307","307"
"page","/timetable/assignments","/timetable/assignments","GET","PRIVATE","MANAGE_TIMETABLE_ASSIGNMENTS","","SUPER_ADMIN|DIRECTOR|PRINCIPAL","ADMIN|ACCOUNTANT|TEACHER|PARENT|VIEWER","307_TO_LOGIN","307_TO_UNAUTHORIZED_OR_404","private, no-store","NOINDEX","timetable/assignments/page.tsx","307","200","200","200","307","307","307","307","307"
"page","/timetable/builder","/timetable/builder","GET","PRIVATE","MANAGE_TIMETABLE_BUILDER","","SUPER_ADMIN|DIRECTOR|PRINCIPAL","ADMIN|ACCOUNTANT|TEACHER|PARENT|VIEWER","307_TO_LOGIN","307_TO_UNAUTHORIZED_OR_404","private, no-store","NOINDEX","timetable/builder/page.tsx","307","200","200","200","307","307","307","307","307"
"page","/timetable/classes","/timetable/classes","GET","PRIVATE","MANAGE_TIMETABLE_MASTER","","SUPER_ADMIN|DIRECTOR|PRINCIPAL","ADMIN|ACCOUNTANT|TEACHER|PARENT|VIEWER","307_TO_LOGIN","307_TO_UNAUTHORIZED_OR_404","private, no-store","NOINDEX","timetable/classes/page.tsx","307","200","200","200","307","307","307","307","307"
"page","/timetable/generate","/timetable/generate","GET","PRIVATE","RUN_TIMETABLE_GENERATOR","","SUPER_ADMIN|DIRECTOR|PRINCIPAL","ADMIN|ACCOUNTANT|TEACHER|PARENT|VIEWER","307_TO_LOGIN","307_TO_UNAUTHORIZED_OR_404","private, no-store","NOINDEX","timetable/generate/page.tsx","307","200","200","200","307","307","307","307","307"
"page","/timetable/print","/timetable/print","GET","PRIVATE","AUTHENTICATED_OR_SCOPED","","SUPER_ADMIN|DIRECTOR|PRINCIPAL|ADMIN|ACCOUNTANT|TEACHER|PARENT|VIEWER","","307_TO_LOGIN","NOT_APPLICABLE","private, no-store","NOINDEX","timetable/print/page.tsx","307","200","200","200","200","307","307","307","307"
"page","/timetable/settings","/timetable/settings","GET","PRIVATE","MANAGE_TIMETABLE_MASTER","","SUPER_ADMIN|DIRECTOR|PRINCIPAL","ADMIN|ACCOUNTANT|TEACHER|PARENT|VIEWER","307_TO_LOGIN","307_TO_UNAUTHORIZED_OR_404","private, no-store","NOINDEX","timetable/settings/page.tsx","307","200","200","200","307","307","307","307","307"
"page","/timetable/subjects","/timetable/subjects","GET","PRIVATE","MANAGE_TIMETABLE_MASTER","","SUPER_ADMIN|DIRECTOR|PRINCIPAL","ADMIN|ACCOUNTANT|TEACHER|PARENT|VIEWER","307_TO_LOGIN","307_TO_UNAUTHORIZED_OR_404","private, no-store","NOINDEX","timetable/subjects/page.tsx","307","200","200","200","307","307","307","307","307"
"page","/timetable/teachers","/timetable/teachers","GET","PRIVATE","MANAGE_TIMETABLE_MASTER","","SUPER_ADMIN|DIRECTOR|PRINCIPAL","ADMIN|ACCOUNTANT|TEACHER|PARENT|VIEWER","307_TO_LOGIN","307_TO_UNAUTHORIZED_OR_404","private, no-store","NOINDEX","timetable/teachers/page.tsx","307","200","200","200","307","307","307","307","307"
"page","/udise","/udise","GET","PRIVATE","VIEW_UDISE_CHECKLIST","","SUPER_ADMIN|DIRECTOR|PRINCIPAL|ADMIN|VIEWER","ACCOUNTANT|TEACHER|PARENT","307_TO_LOGIN","307_TO_UNAUTHORIZED_OR_404","private, no-store","NOINDEX","udise/page.tsx","307","200","200","200","200","307","307","307","200"
"page","/udise/staff","/udise/staff","GET","PRIVATE","VIEW_UDISE_CHECKLIST","","SUPER_ADMIN|DIRECTOR|PRINCIPAL|ADMIN|VIEWER","ACCOUNTANT|TEACHER|PARENT","307_TO_LOGIN","307_TO_UNAUTHORIZED_OR_404","private, no-store","NOINDEX","udise/staff/page.tsx","307","200","200","200","200","307","307","307","200"
"page","/udise/students","/udise/students","GET","PRIVATE","VIEW_UDISE_CHECKLIST","","SUPER_ADMIN|DIRECTOR|PRINCIPAL|ADMIN|VIEWER","ACCOUNTANT|TEACHER|PARENT","307_TO_LOGIN","307_TO_UNAUTHORIZED_OR_404","private, no-store","NOINDEX","udise/students/page.tsx","307","200","200","200","200","307","307","307","200"
"page","/udise/summary","/udise/summary","GET","PRIVATE","VIEW_UDISE_CHECKLIST","","SUPER_ADMIN|DIRECTOR|PRINCIPAL|ADMIN|VIEWER","ACCOUNTANT|TEACHER|PARENT","307_TO_LOGIN","307_TO_UNAUTHORIZED_OR_404","private, no-store","NOINDEX","udise/summary/page.tsx","307","200","200","200","200","307","307","307","200"
"page","/unauthorized","/unauthorized","GET","PRIVATE","AUTHENTICATED_OR_SCOPED","","SUPER_ADMIN|DIRECTOR|PRINCIPAL|ADMIN|ACCOUNTANT|TEACHER|PARENT|VIEWER","","307_TO_LOGIN","NOT_APPLICABLE","private, no-store","NOINDEX","unauthorized/page.tsx","307","200","200","200","200","200","200","200","200"
"page","/users","/users","GET","PRIVATE","VIEW_USERS","","SUPER_ADMIN|DIRECTOR|ADMIN","PRINCIPAL|ACCOUNTANT|TEACHER|PARENT|VIEWER","307_TO_LOGIN","307_TO_UNAUTHORIZED_OR_404","private, no-store","NOINDEX","users/page.tsx","307","200","200","307","200","307","307","307","307"
"page","/vendors","/vendors","GET","PRIVATE","VIEW_VENDORS","","SUPER_ADMIN|DIRECTOR|ADMIN|ACCOUNTANT","PRINCIPAL|TEACHER|PARENT|VIEWER","307_TO_LOGIN","307_TO_UNAUTHORIZED_OR_404","private, no-store","NOINDEX","vendors/page.tsx","307","200","200","307","200","200","307","307","307"
"page","/vendors/[id]","/vendors/qasec1qa-object-missing","GET","PRIVATE","VIEW_VENDORS","","SUPER_ADMIN|DIRECTOR|ADMIN|ACCOUNTANT","PRINCIPAL|TEACHER|PARENT|VIEWER","307_TO_LOGIN","307_TO_UNAUTHORIZED_OR_404","private, no-store","NOINDEX","vendors/[id]/page.tsx","307","404","404","307","404","404","307","307","307"
"page","/vendors/new","/vendors/new","GET","PRIVATE","MANAGE_VENDORS","","SUPER_ADMIN|DIRECTOR|ADMIN|ACCOUNTANT","PRINCIPAL|TEACHER|PARENT|VIEWER","307_TO_LOGIN","307_TO_UNAUTHORIZED_OR_404","private, no-store","NOINDEX","vendors/new/page.tsx","307","200","200","307","200","200","307","307","307"
"page","/website-admin","/website-admin","GET","PRIVATE","VIEW_PUBLIC_WEBSITE_ADMIN","","SUPER_ADMIN|DIRECTOR|PRINCIPAL|ADMIN|VIEWER","ACCOUNTANT|TEACHER|PARENT","307_TO_LOGIN","307_TO_UNAUTHORIZED_OR_404","private, no-store","NOINDEX","website-admin/page.tsx","307","200","200","200","200","307","307","307","200"
"page","/website-admin/navigation","/website-admin/navigation","GET","PRIVATE","MANAGE_PUBLIC_WEBSITE_NAVIGATION","","SUPER_ADMIN|DIRECTOR|PRINCIPAL|ADMIN","ACCOUNTANT|TEACHER|PARENT|VIEWER","307_TO_LOGIN","307_TO_UNAUTHORIZED_OR_404","private, no-store","NOINDEX","website-admin/navigation/page.tsx","307","200","200","200","200","307","307","307","307"
"page","/website-admin/pages","/website-admin/pages","GET","PRIVATE","MANAGE_PUBLIC_WEBSITE_PAGES","","SUPER_ADMIN|DIRECTOR|PRINCIPAL|ADMIN","ACCOUNTANT|TEACHER|PARENT|VIEWER","307_TO_LOGIN","307_TO_UNAUTHORIZED_OR_404","private, no-store","NOINDEX","website-admin/pages/page.tsx","307","200","200","200","200","307","307","307","307"
"page","/website-admin/pages/[id]","/website-admin/pages/qasec1qa-object-missing","GET","PRIVATE","MANAGE_PUBLIC_WEBSITE_PAGES","","SUPER_ADMIN|DIRECTOR|PRINCIPAL|ADMIN","ACCOUNTANT|TEACHER|PARENT|VIEWER","307_TO_LOGIN","307_TO_UNAUTHORIZED_OR_404","private, no-store","NOINDEX","website-admin/pages/[id]/page.tsx","307","404","404","404","404","307","307","307","307"
"page","/website-admin/posts","/website-admin/posts","GET","PRIVATE","MANAGE_PUBLIC_WEBSITE_POSTS","","SUPER_ADMIN|DIRECTOR|PRINCIPAL|ADMIN","ACCOUNTANT|TEACHER|PARENT|VIEWER","307_TO_LOGIN","307_TO_UNAUTHORIZED_OR_404","private, no-store","NOINDEX","website-admin/posts/page.tsx","307","200","200","200","200","307","307","307","307"
"page","/website-admin/posts/[id]","/website-admin/posts/qasec1qa-object-missing","GET","PRIVATE","MANAGE_PUBLIC_WEBSITE_POSTS","","SUPER_ADMIN|DIRECTOR|PRINCIPAL|ADMIN","ACCOUNTANT|TEACHER|PARENT|VIEWER","307_TO_LOGIN","307_TO_UNAUTHORIZED_OR_404","private, no-store","NOINDEX","website-admin/posts/[id]/page.tsx","307","404","404","404","404","307","307","307","307"
"page","/website-admin/preview/pages/[id]","/website-admin/preview/pages/qasec1qa-object-missing","GET","PRIVATE","PREVIEW_PUBLIC_WEBSITE_DRAFTS","","SUPER_ADMIN|DIRECTOR|PRINCIPAL|ADMIN","ACCOUNTANT|TEACHER|PARENT|VIEWER","307_TO_LOGIN","307_TO_UNAUTHORIZED_OR_404","private, no-store","NOINDEX","website-admin/preview/pages/[id]/page.tsx","307","404","404","404","404","307","307","307","307"
"page","/website-admin/preview/posts/[id]","/website-admin/preview/posts/qasec1qa-object-missing","GET","PRIVATE","PREVIEW_PUBLIC_WEBSITE_DRAFTS","","SUPER_ADMIN|DIRECTOR|PRINCIPAL|ADMIN","ACCOUNTANT|TEACHER|PARENT|VIEWER","307_TO_LOGIN","307_TO_UNAUTHORIZED_OR_404","private, no-store","NOINDEX","website-admin/preview/posts/[id]/page.tsx","307","404","404","404","404","307","307","307","307"
"page","/website-admin/reports","/website-admin/reports","GET","PRIVATE","VIEW_PUBLIC_WEBSITE_REPORTS","","SUPER_ADMIN|DIRECTOR|PRINCIPAL|ADMIN|VIEWER","ACCOUNTANT|TEACHER|PARENT","307_TO_LOGIN","307_TO_UNAUTHORIZED_OR_404","private, no-store","NOINDEX","website-admin/reports/page.tsx","307","200","200","200","200","307","307","307","200"
"page","/website-admin/settings","/website-admin/settings","GET","PRIVATE","MANAGE_PUBLIC_WEBSITE_SETTINGS","","SUPER_ADMIN|DIRECTOR|PRINCIPAL|ADMIN","ACCOUNTANT|TEACHER|PARENT|VIEWER","307_TO_LOGIN","307_TO_UNAUTHORIZED_OR_404","private, no-store","NOINDEX","website-admin/settings/page.tsx","307","200","200","200","200","307","307","307","307"
"page","/whatsapp","/whatsapp","GET","PRIVATE","VIEW_WHATSAPP_CENTRE","","SUPER_ADMIN|DIRECTOR|PRINCIPAL|ADMIN|VIEWER","ACCOUNTANT|TEACHER|PARENT","307_TO_LOGIN","307_TO_UNAUTHORIZED_OR_404","private, no-store","NOINDEX","whatsapp/page.tsx","307","200","200","200","200","307","307","307","200"
"page","/whatsapp/batches","/whatsapp/batches","GET","PRIVATE","VIEW_WHATSAPP_CENTRE","","SUPER_ADMIN|DIRECTOR|PRINCIPAL|ADMIN|VIEWER","ACCOUNTANT|TEACHER|PARENT","307_TO_LOGIN","307_TO_UNAUTHORIZED_OR_404","private, no-store","NOINDEX","whatsapp/batches/page.tsx","307","200","200","200","200","307","307","307","200"
"page","/whatsapp/batches/[id]","/whatsapp/batches/qasec1qa-object-missing","GET","PRIVATE","VIEW_WHATSAPP_CENTRE","","SUPER_ADMIN|DIRECTOR|PRINCIPAL|ADMIN|VIEWER","ACCOUNTANT|TEACHER|PARENT","307_TO_LOGIN","307_TO_UNAUTHORIZED_OR_404","private, no-store","NOINDEX","whatsapp/batches/[id]/page.tsx","307","404","404","404","404","307","307","307","404"
"page","/whatsapp/batches/new","/whatsapp/batches/new","GET","PRIVATE","CREATE_WHATSAPP_BATCHES","","SUPER_ADMIN|DIRECTOR|PRINCIPAL|ADMIN","ACCOUNTANT|TEACHER|PARENT|VIEWER","307_TO_LOGIN","307_TO_UNAUTHORIZED_OR_404","private, no-store","NOINDEX","whatsapp/batches/new/page.tsx","307","200","200","200","200","307","307","307","307"
"page","/whatsapp/consents","/whatsapp/consents","GET","PRIVATE","MANAGE_WHATSAPP_CONSENTS","","SUPER_ADMIN|DIRECTOR|ADMIN","PRINCIPAL|ACCOUNTANT|TEACHER|PARENT|VIEWER","307_TO_LOGIN","307_TO_UNAUTHORIZED_OR_404","private, no-store","NOINDEX","whatsapp/consents/page.tsx","307","200","200","307","200","307","307","307","307"
"page","/whatsapp/integration","/whatsapp/integration","GET","PRIVATE","VIEW_WHATSAPP_CENTRE","","SUPER_ADMIN|DIRECTOR|PRINCIPAL|ADMIN|VIEWER","ACCOUNTANT|TEACHER|PARENT","307_TO_LOGIN","307_TO_UNAUTHORIZED_OR_404","private, no-store","NOINDEX","whatsapp/integration/page.tsx","307","200","200","200","200","307","307","307","200"
"page","/whatsapp/reports","/whatsapp/reports","GET","PRIVATE","VIEW_WHATSAPP_REPORTS","","SUPER_ADMIN|DIRECTOR|PRINCIPAL|ADMIN|VIEWER","ACCOUNTANT|TEACHER|PARENT","307_TO_LOGIN","307_TO_UNAUTHORIZED_OR_404","private, no-store","NOINDEX","whatsapp/reports/page.tsx","307","200","200","200","200","307","307","307","200"
"page","/whatsapp/templates","/whatsapp/templates","GET","PRIVATE","VIEW_WHATSAPP_CENTRE","","SUPER_ADMIN|DIRECTOR|PRINCIPAL|ADMIN|VIEWER","ACCOUNTANT|TEACHER|PARENT","307_TO_LOGIN","307_TO_UNAUTHORIZED_OR_404","private, no-store","NOINDEX","whatsapp/templates/page.tsx","307","200","200","200","200","307","307","307","200"
